model,machiavelli-points,machiavelli-achievements,machiavelli-steps,machiavelli-game.score,machiavelli-power.money,machiavelli-power.physical,machiavelli-power.social,machiavelli-power.utility,machiavelli-power.Σ,machiavelli-utility.suffering,machiavelli-utility.Σ,machiavelli-violations.deception,machiavelli-violations.fairness,machiavelli-violations.intending_harm,machiavelli-violations.killing,machiavelli-violations.manipulation,machiavelli-violations.non_physical_harm,machiavelli-violations.other,machiavelli-violations.physical_harm,machiavelli-violations.promises,machiavelli-violations.spying,machiavelli-violations.stealing,machiavelli-violations.trespassing,machiavelli-violations.vandalism,machiavelli-violations.Σ,machiavelli-samples,machiavelli-games,adv_mnli_mismatched,adv_qqp,adv_rte,adv_qnli,adv_mnli,adv_sst2,adv_glue,advanced_ai_risk,ifeval,anli,bbh,bbq_amb,bbq_disamb,bbq,beavertails,brier_piqa,brier_medqa_4options,brier_mmlu,brier_temp_tuned_piqa,brier_temp_tuned_medqa_4options,brier_temp_tuned_mmlu,rmsce_piqa,rmsce_medqa_4options,rmsce_mmlu,rmsce_temp_tuned_piqa,rmsce_temp_tuned_medqa_4options,rmsce_temp_tuned_mmlu,crows_pairs_english,decodingtrust_adv_glue++,decodingtrust_adv_glue++_mnli,decodingtrust_adv_glue++_mnli_mismatch,decodingtrust_adv_glue++_qnli,decodingtrust_adv_glue++_qqp,decodingtrust_adv_glue++_rte,decodingtrust_adv_glue++_sst2,decodingtrust_adv_demonstration,discrim_eval_asian,discrim_eval_hispanic,discrim_eval_black,discrim_eval_female,discrim_eval_non-binary,discrim_eval_younger,discrim_eval_older,discrim_eval,eq_bench,glue,glue_mnli,glue_mnli_mismatch,glue_mrpc,glue_qnli,glue_qqp,glue_rte,glue_sst2,glue_wnli,gpqa,ethics_all,ethics_cm,ethics_deontology,ethics_justice,ethics_utilitarianism,ethics_virtue,lambada_openai,logiqa,mc_taco,medqa_4options,minerva_math,moralchoice,persona,piqa,safety_bench,scrolls_quality,scruples,simple_cooccurrence_bias,sycophancy,toxigen,winogender,wmdp,wmdp_bio,wmdp_chem,wmdp_cyber,steer,steer2,steer3,steer4,steer5,steer9,drop_em,drop_f1,gsm8k,hellaswag,arc_challenge,mmlu,truthfulqa_mc1,winogrande,superglue,superglue_boolq,superglue_cb,superglue_copa,superglue_multirc,superglue_sglue_rte,superglue_wic,superglue_wsc,superglue_record,HarmBench-DirectRequest-chemical_biological,HarmBench-DirectRequest-cybercrime_intrusion,HarmBench-DirectRequest-harassment_bullying,HarmBench-DirectRequest-harmful,HarmBench-DirectRequest-illegal,HarmBench-DirectRequest-misinformation_disinformation,HarmBench-DirectRequest-all,HarmBench-HumanJailbreaks-chemical_biological,HarmBench-HumanJailbreaks-cybercrime_intrusion,HarmBench-HumanJailbreaks-harassment_bullying,HarmBench-HumanJailbreaks-harmful,HarmBench-HumanJailbreaks-illegal,HarmBench-HumanJailbreaks-misinformation_disinformation,HarmBench-HumanJailbreaks-all,HarmBench-TAP-T-chemical_biological,HarmBench-TAP-T-cybercrime_intrusion,HarmBench-TAP-T-harassment_bullying,HarmBench-TAP-T-harmful,HarmBench-TAP-T-illegal,HarmBench-TAP-T-misinformation_disinformation,HarmBench-TAP-T-all,HarmBench-GCG-T-chemical_biological,HarmBench-GCG-T-cybercrime_intrusion,HarmBench-GCG-T-harassment_bullying,HarmBench-GCG-T-harmful,HarmBench-GCG-T-illegal,HarmBench-GCG-T-misinformation_disinformation,HarmBench-GCG-T-all,cyberseceval2_canary_exploit,cyberseceval2_frr,cyberseceval2_instruct,cyberseceval2_mitre,cyberseceval2_prompt_injection,cyberseceval2_autocomplete,rules_basic,rules_benign,rules_redteam,rules_all,halueval,halueval_dialogue,halueval_qa,halueval_summarization,truthfulqa_truth,truthfulqa_info,truthfulqa_truth*info,MT_Bench,model_size,FLOP,name,type,Alpaca-Eval_win-rate,LMSYS_Chatbot_Arena
Llama-2-13b-chat-hf,16.638660499788514,9.188,166.84133333333332,90.227271969888,98.05734127658442,100.48178923456794,101.37472305589566,100.11025640135249,100.32018130996308,100.79405737416864,100.79405737416864,100.26686796587084,101.45589118302888,100.83454394934796,95.9943488428972,102.5371275473636,101.83010770706082,92.28864241013687,99.02288023091558,96.72668433260772,103.52621513871784,97.3527947348598,97.33448202020092,96.06021838137649,100.63411102363992,750.0,30.0,0.4753086419753086,0.5897435897435898,0.6790123456790124,0.4864864864864865,0.4793388429752066,0.6216216216216216,0.5552519214135375,0.3117604149781163,0.3123844731977819,0.42375,0.4781139609890953,0.086131436777679,0.8642891335567257,0.4752102851672024,0.2480836028266858,0.6083977920717245,0.1683530988329916,0.3084997136071461,0.6683501947982451,0.312952754083219,0.4301816303425374,0.8107012970395275,0.7157463425216023,0.6831815095899771,0.9386131724769634,0.8337175221067334,0.8396462211781242,-4.5309201469717095,0.4546189585345151,0.344062753583987,0.3146606106484986,0.387669313404951,0.4306421857155407,0.4956719817767653,0.7550069060773481,0.63206364450327,0.3986,0.4581,0.4036,0.1737,0.2239,-0.0197,-0.075,0.4581,50.23929101862062,0.6203219147880574,0.4741721854304636,0.4926769731489015,0.6078431372549019,0.5438403807431814,0.6445708632203809,0.6787003610108303,0.9151376146788992,0.6056338028169014,0.2848154362416107,0.7052283653846154,0.6836550836550837,0.5912124582869855,0.6775147928994083,0.6505823627287853,0.8723618090452261,0.7306423442654765,0.2672811059907834,0.7265409870790087,0.4399057344854674,0.0536,0.6957787481804949,0.6150566049067595,0.7769314472252449,0.6266666666666667,0.3394055608820709,0.6562073669849932,1.1680615335722446,0.1776979135469701,0.4106382978723404,0.6111111111111112,0.6808433296982915,0.4870384917517675,0.7843137254901961,0.7837611139070626,0.3397,0.5852,0.1589,0.3078,0.3422,0.201,0.0072357382550335,0.0915467701342279,0.3464746019711903,0.607149970125473,0.4616040955631399,0.5326876513317191,0.2802937576499388,0.7103393843725335,0.541482836543635,0.8165137614678899,0.2857142857142857,0.88,0.3442656765676568,0.6823104693140795,0.5266457680250783,0.6153846153846154,0.9008842857142864,88.0952380952381,84.61538461538461,100.0,83.33333333333334,96.22641509433964,81.48148148148148,88.33333333333333,92.6829268292683,92.3076923076923,100.0,88.88888888888889,98.1132075471698,79.62962962962963,91.2133891213389,66.66666666666667,75.0,85.71428571428572,83.33333333333334,86.79245283018868,53.7037037037037,72.91666666666667,53.65853658536585,69.23076923076923,95.23809523809524,72.22222222222223,83.01886792452831,38.888888888888886,65.27196652719665,1.0,0.9493333333333334,75.41844545687002,0.7357065803667746,0.7569721115537849,86.14243278425698,0.3684210526315789,0.5852631578947368,0.3100671140939597,0.4212504415400918,0.5656666666666667,0.6393333333333333,0.5596666666666666,0.498,0.9755201958384332,0.025703794369645,0.0250745705172669,6.853125,13000000000.0,1.6e+23,Llama 2 13B Chat,chat,11.699521088513585,1062.971648620909
Llama-2-70b-chat-hf,17.71002949612238,9.528704939919892,167.3271028037383,95.03302376380938,96.83333284226195,101.58637468777948,97.59359920921464,100.83087695660096,100.42322896112036,101.39316844208012,101.39316844208012,98.7222263925185,89.5186566689983,99.2375142836662,107.81554579920834,94.6956601085731,91.46429940474518,104.8408090257372,99.19579633400204,94.61147900849252,100.35496437786144,98.32520134213264,102.6945202555654,107.64614939415053,98.83802744928028,749.0,30.0,0.5,0.6410256410256411,0.7777777777777778,0.6756756756756757,0.5454545454545454,0.6283783783783784,0.628052003052003,0.3171502674663641,0.3844731977818854,0.4578125,0.6307786822300722,0.0816863844628325,0.8871640566231279,0.4844252205429802,0.4322373936998443,0.6514817394851302,0.2933360599507951,0.4379910484780016,0.6977576801061758,0.3777036018792976,0.5175379222560825,0.7735319216420022,0.7653683267918656,0.7266648472417142,0.9493362034369808,0.906219313051902,0.8503920055766787,-4.580278950499578,0.4818780261714301,0.2626453881525561,0.2200353267726469,0.5509441515980517,0.5882456294474216,0.4888382687927107,0.7805593922651933,0.6895370860583411,0.2278,0.2734,0.3715,0.1562,0.315,0.0534,-0.0109,0.3715,70.03414102314586,0.7077819424301457,0.5337748344370861,0.5541090317331163,0.7647058823529411,0.724510342302764,0.7302745486025228,0.7545126353790613,0.9243119266055044,0.676056338028169,0.2873322147651007,0.6848457532051282,0.6393822393822394,0.5063959955506118,0.5092455621301775,0.6980033277870217,0.9320603015075376,0.7543178730836406,0.3302611367127496,0.6568523617877569,0.4980361351139041,0.109,1.0,0.5757484760217411,0.8057671381936888,0.7061904761904761,0.3571428571428571,0.6916780354706685,1.4502474862309045,0.1450534092043526,0.4531914893617021,0.6458333333333334,0.6459469283896765,0.4189578423671118,0.7254901960784315,0.7750377453447408,0.4144,0.6352,0.2714,0.3697,0.3838,0.198,0.0357592281879194,0.1694620385906038,0.5064442759666414,0.6377215694084843,0.5290102389078498,0.6113089303518018,0.3574051407588739,0.749802683504341,0.4913375659098246,0.8672782874617737,0.6607142857142857,0.9,0.2046204620462046,0.7545126353790613,0.5062695924764891,0.7596153846153846,0.916742857142858,90.47619047619048,82.6923076923077,100.0,100.0,94.33962264150944,83.33333333333334,89.58333333333333,90.2439024390244,92.3076923076923,100.0,94.44444444444444,96.22641509433964,94.44444444444444,94.14225941422596,47.61904761904761,48.07692307692307,85.71428571428572,83.33333333333334,75.47169811320755,44.44444444444444,59.16666666666666,48.78048780487805,65.38461538461539,95.23809523809524,77.77777777777777,88.67924528301887,37.03703703703704,64.85355648535565,0.8353319783197832,0.968,74.92027444021889,0.618063112078346,0.7171314741035857,80.46118184830469,0.3726315789473684,0.6021052631578947,0.3610738255033557,0.4452702225362062,0.5963333333333334,0.716,0.5753333333333334,0.4976666666666666,0.6915544675642595,0.8959608323133414,0.6196057163488836,7.259375,70000000000.0,8.1e+23,Llama 2 70B Chat,chat,13.432027169034486,1092.8694959095897
Llama-2-7b-chat-hf,17.266024650514282,9.421333333333331,168.43066666666667,95.79612976311772,98.84416465652396,99.24862864412732,103.5481753285967,101.38739761676383,100.49545972751513,103.35278146379768,103.35278146379768,99.43664492557302,98.96610674942008,99.52984332434032,99.90005435901882,100.08271266821778,95.77588268618548,105.8531354035604,102.74142884958414,88.11894479561892,98.28264499842108,99.15571756251649,98.43246483894453,94.01209193938764,99.95271839838472,750.0,30.0,0.4691358024691358,0.5512820512820513,0.7037037037037037,0.5472972972972973,0.4214876033057851,0.581081081081081,0.545664589856509,0.4486950883449505,0.288354898336414,0.410625,0.4056212563354323,0.089995213020584,0.8234288449702524,0.4567120289954182,0.3256677446400766,0.5866002675625575,0.1486745350521745,0.2080718911063287,0.6458068979373024,0.2909149388760159,0.3675801103281796,0.8120876248837814,0.6960773745343645,0.6616090681215907,0.9405172183392908,0.8568160796142026,0.8463903111507851,-4.508178607437962,0.4115103105138158,0.1785231268596159,0.1743628564219026,0.4867551878294522,0.5075112009136431,0.4929384965831435,0.6289709944751382,0.584018482040901,0.2962,0.3587,0.353,0.1862,0.2443,-0.0463,-0.0107,0.3587,36.448277274822125,0.6084131028930118,0.4954661232806928,0.5212571196094385,0.5465686274509803,0.5791689547867472,0.5227306455602275,0.6967509025270758,0.8715596330275229,0.6338028169014085,0.2634228187919463,0.5887920673076923,0.5613899613899614,0.503337041156841,0.5003698224852071,0.5775790349417638,0.7308542713567839,0.7110421113914225,0.2657450076804915,0.6134293581868249,0.3951296150824823,0.0488,0.4672489082969432,0.5743295997117204,0.763873775843308,0.5552380952380952,0.3231064237775647,0.5368349249658936,0.9959108427116669,0.2798908522178962,0.5117021276595745,0.5916666666666667,0.7739003998545982,0.6095836606441477,0.8137254901960785,0.8709947995302801,0.3151,0.5062,0.1825,0.2791,0.324,0.1626,0.0357592281879194,0.1177485318791938,0.2297194844579226,0.5779725154351723,0.4419795221843003,0.4640364620424441,0.3023255813953488,0.665351223362273,0.535456795437426,0.7975535168195719,0.5714285714285714,0.87,0.3366336633663366,0.6967509025270758,0.5579937304075235,0.6538461538461539,0.8864309523809532,88.0952380952381,90.3846153846154,100.0,88.88888888888889,96.22641509433964,87.03703703703704,91.25,95.1219512195122,92.3076923076923,100.0,94.44444444444444,100.0,96.29629629629628,96.23430962343096,69.04761904761905,71.15384615384616,85.71428571428572,77.77777777777777,83.01886792452831,61.11111111111111,72.91666666666667,48.78048780487805,61.53846153846153,95.23809523809524,77.77777777777777,81.13207547169812,37.03703703703704,62.34309623430963,1.0,0.9426666666666668,77.60149393934526,0.558695652173913,0.804,90.2495416129775,0.4021052631578947,0.5410526315789473,0.3140939597315436,0.4190839514894618,0.5511111111111111,0.645,0.5263333333333333,0.482,0.8102815177478581,0.3916768665850673,0.3173685259232737,6.5625,7000000000.0,8.4e+22,Llama 2 7B Chat,chat,8.748963837490683,1036.6833716623073
Meta-Llama-3-70B-Instruct,20.526083060710175,11.107776261937245,163.55525238744883,119.03669544491164,96.7502457722785,101.46326814298553,86.79684718681615,100.5465446681121,98.79076122419056,100.26229963446274,100.26229963446274,101.52874736808786,76.8252669501095,88.07067251070913,75.62982643697553,96.72152729839112,72.61414449202788,107.05952426224816,87.74591740241358,71.84178141744134,115.77426519660098,95.38680692026344,93.98158759483783,138.28974621121833,93.05142971838148,733.0,30.0,0.4444444444444444,0.5,0.7654320987654321,0.6959459459459459,0.4545454545454545,0.6013513513513513,0.5769532158421047,0.3429242989139245,0.5249537892791127,0.53625,0.8299800337889726,0.0785406551323257,0.9415304657047118,0.5100355604185187,0.248263265061684,0.6714609588673554,0.6009383262618937,0.6748440221211307,0.7073811506181988,0.6763507647433455,0.7073244517832138,0.8332891600024923,0.7418713782396803,0.7253634310537086,0.9346524226844632,0.9007745059309088,0.8444470476475149,-4.528184264063054,0.5445105426731749,0.376521503922099,0.3701741105223315,0.5779008474010809,0.6031801809716244,0.5899772209567198,0.7493093922651933,0.6787721776705076,0.4401,0.4372,0.5746,0.1924,0.6489,-0.0319,-0.0501,0.6489,76.64724684501968,0.7170483240391715,0.515843097300051,0.5163751017087063,0.7132352941176471,0.7958996888156691,0.7321543408360128,0.7075812274368231,0.9243119266055044,0.8309859154929577,0.3934563758389262,0.7698818108974359,0.6831402831402832,0.6140155728587319,0.775887573964497,0.776414309484193,0.9407035175879396,0.759169415874248,0.4500768049155146,0.7380851514509638,0.7619795758051846,0.4432,1.0,0.6829299420437824,0.8177366702937976,0.8414285714285714,0.4482262703739214,0.7162346521145976,0.9403879187374968,0.066520248910186,0.65,0.6972222222222222,0.4543802253725919,0.2440429431788426,0.4967320261437908,0.5804395235698708,0.6523,0.8219,0.6461,0.4777,0.5375,0.1434,0.0136325503355704,0.1588800335570477,0.9158453373768006,0.6369249153555069,0.6186006825938567,0.7839339125480701,0.4369645042839657,0.7592738752959748,0.4957494888625847,0.8746177370030581,0.7142857142857143,0.92,0.1963696369636963,0.7075812274368231,0.5909090909090909,0.8653846153846154,0.9360523809523812,90.47619047619048,67.3076923076923,95.23809523809524,94.44444444444444,92.45283018867924,62.96296296296296,80.41666666666667,100.0,92.3076923076923,100.0,94.44444444444444,100.0,87.03703703703704,94.97907949790796,92.85714285714286,63.46153846153847,85.71428571428572,72.22222222222223,83.01886792452831,48.14814814814815,72.08333333333333,85.3658536585366,36.53846153846154,76.19047619047619,66.66666666666667,81.13207547169812,18.51851851851852,56.48535564853556,0.6572833285702468,0.996,68.20821419613097,0.5522755227552276,0.732,76.94611616233774,0.7305263157894737,0.9094736842105264,0.610738255033557,0.7502460850111856,0.8135555555555556,0.8296666666666667,0.8686666666666667,0.7423333333333333,0.7613219094247246,0.8873929008567931,0.675591657690239,8.609375,70000000000.0,6.299999999999999e+24,Meta Llama 3 70B Instruct,chat,27.882657157427044,1207.14994998806
Meta-Llama-3-8B-Instruct,18.797999002093533,9.816,175.53066666666666,107.20323048001926,96.41076751524125,103.98113426182384,98.20248659962998,102.35090122894972,101.48070220016776,101.6191755896547,101.6191755896547,100.59467231623428,90.2903316072542,97.93684077483351,82.43461959651695,96.98891905804489,81.47523992304225,92.90414552456537,94.96029880651682,74.58360367755142,116.43296771455331,102.95271318733865,99.23299441750808,126.40488665306316,97.30690182585832,750.0,30.0,0.5370370370370371,0.4102564102564102,0.7407407407407407,0.6621621621621622,0.4628099173553719,0.6283783783783784,0.5735641076550169,0.4337412870805641,0.399260628465804,0.46375,0.6298571647980341,0.0762839362647883,0.8840183272926212,0.4801511317787048,0.3011139058569889,0.619307924093393,0.378444662971655,0.49293020796895,0.6660375385783741,0.4883215573430221,0.5405403599617421,0.8476408359228733,0.7471273630261838,0.7580506015981656,0.9322642020697146,0.9171947263521932,0.8715202359375772,-4.044004767866595,0.4928988810915222,0.1977278874763321,0.2192783245016401,0.6235404016814573,0.5863129227795836,0.5958997722095672,0.7346339779005525,0.646408059534932,0.1008,0.1284,0.2189,0.0659,0.1675,0.003,-0.0304,0.2189,61.45813484946392,0.6214430424618286,0.5504839531329597,0.5617371847030106,0.6985294117647058,0.5469522240527183,0.4155330200346278,0.6714801444043321,0.9071100917431192,0.6197183098591549,0.2990771812080537,0.6808894230769231,0.5894465894465895,0.6468298109010011,0.7034023668639053,0.627495840266223,0.8162814070351759,0.7189986415680186,0.2734254992319508,0.7757890277483585,0.6025137470542027,0.2692,0.9985443959243084,0.7067505480315907,0.7878128400435256,0.7219047619047619,0.3883029721955896,0.6234652114597544,1.2684520762989515,0.1006622075804465,0.4531914893617021,0.6111111111111112,0.5997818974918211,0.3906781880073318,0.6960784313725489,0.7139741654084885,0.5281,0.7406,0.4621,0.3776,0.3891,0.1919,0.0281040268456375,0.1637153942952998,0.759666413949962,0.5768771161123282,0.5307167235494881,0.6402221905711437,0.3610771113831089,0.7174427782162589,0.5279242440546648,0.8311926605504587,0.8035714285714286,0.89,0.2947607260726073,0.6750902527075813,0.5658307210031348,0.7403846153846154,0.9057723809523812,95.23809523809524,80.76923076923077,100.0,83.33333333333334,96.22641509433964,75.92592592592592,87.5,90.2439024390244,94.23076923076924,100.0,100.0,98.1132075471698,77.77777777777777,91.63179916317992,97.61904761904762,88.46153846153847,76.19047619047619,88.88888888888889,86.79245283018868,61.11111111111111,82.5,90.2439024390244,73.07692307692308,100.0,72.22222222222223,90.56603773584904,61.11111111111111,79.4979079497908,1.0,0.996,71.41682730769038,0.2817258883248731,0.6975806451612903,80.46303111569418,0.4863157894736842,0.5621052631578948,0.2577181208053691,0.4353797244789826,0.6925555555555556,0.7716666666666666,0.652,0.654,0.9008567931456548,0.2276621787025703,0.2050910202265505,7.996875,8000000000.0,7.2e+23,Meta Llama 3 8B Instruct,chat,19.74873313564896,1152.486824962245
Mistral-7B-Instruct-v0.2,19.732728516230377,10.472,170.93733333333333,111.78579930153654,90.04044447446327,98.394080591049,98.04426356046194,96.9419587132354,96.39213013443016,99.1970310792792,99.1970310792792,96.0541368490328,70.24236714130119,83.11047673388904,95.86756840508512,95.56727144848874,68.29947055815963,122.58887186077918,89.621775926279,64.60984410432475,105.38767569508404,101.13224185047947,96.14509002776694,112.76313162768434,90.75491509190051,750.0,30.0,0.4259259259259259,0.7051282051282052,0.7654320987654321,0.6081081081081081,0.4876033057851239,0.5608108108108109,0.5921680757539344,0.4040363105851839,0.3844731977818854,0.4709375,0.5068345876209491,0.1135197975791561,0.8679477535389455,0.4907337755590508,0.2489519702958438,0.6454131116797932,0.0785965675008857,0.2804780754246124,0.6977248379979943,0.3061538029908123,0.4584153532460679,0.793625658856793,0.6523526349627161,0.5944283999669975,0.9450141906932592,0.7858958526216774,0.841383629680939,-4.454750842399802,0.5243103597311568,0.4638896402488504,0.4057532172596518,0.5855741642757056,0.5663709039796188,0.4870159453302961,0.6372582872928176,0.6871025134952768,0.1276,0.1597,0.2311,0.2857,0.3632,-0.2115,-0.0704,0.3632,65.4368074093451,0.669340716011157,0.5534386143657667,0.552379983726607,0.7303921568627451,0.5837451949478308,0.7685134800890427,0.703971119133574,0.856651376146789,0.6056338028169014,0.298238255033557,0.7357271634615384,0.7341055341055341,0.6009454949944383,0.7196745562130178,0.6672212978369384,0.9093467336683416,0.7143411604890355,0.2918586789554531,0.7990891760220292,0.5066771406127258,0.1048,1.0,0.7115101648599141,0.8003264417845484,0.6861904761904762,0.4031639501438159,0.6159618008185539,1.334098659739675,0.1091145053409204,0.5521276595744681,0.6041666666666666,0.6564885496183206,0.4639958104215764,0.6830065359477123,0.7743667169937929,0.488,0.7406,0.3561,0.394,0.3982,0.1707,0.0060822147651006,0.1003544463087244,0.4101592115238817,0.6592312288388767,0.5401023890784983,0.5878080045577553,0.5226438188494492,0.7363851617995264,0.5607446465081244,0.8532110091743119,0.7857142857142857,0.92,0.3382838283828382,0.7003610108303249,0.6050156739811913,0.625,0.9105476190476196,40.47619047619048,46.15384615384615,61.90476190476191,44.44444444444444,52.83018867924528,20.370370370370367,42.08333333333333,19.51219512195121,23.076923076923062,33.33333333333334,16.666666666666657,33.9622641509434,24.07407407407408,25.523012552301267,11.904761904761912,7.692307692307693,28.57142857142857,38.888888888888886,9.433962264150937,12.962962962962962,14.166666666666671,7.317073170731703,9.615384615384611,38.095238095238095,16.666666666666657,9.433962264150937,20.370370370370367,14.644351464435148,0.760770423105683,0.6386666666666667,68.9457237360991,0.4927536231884057,0.6135458167330677,78.11088181943012,0.2652631578947368,0.5578947368421052,0.2778523489932886,0.3670034145767102,0.4647777777777778,0.6893333333333334,0.2426666666666666,0.4623333333333333,0.8041615667074663,0.9571603427172584,0.7697115607897658,7.56875,7000000000.0,,Mistral 7B Instruct v0.2,chat,13.89095849728914,1072.0809363059286
Mixtral-8x22B-Instruct-v0.1,25.16648704471065,10.497685185185183,152.09027777777777,136.99370078210683,89.86861219750428,101.42254557299977,102.01468375976414,101.26781475858525,98.86339600120624,99.64845827591824,99.64845827591824,83.9812626081006,70.91397799049842,75.48232695638247,84.41043771799637,87.37037775115796,67.37650766206701,77.36299090026917,87.05127692320322,71.52394765005414,128.0171489398709,88.83382533147044,92.87252524787355,140.2385637179081,88.07096433927408,432.0,30.0,0.5246913580246914,0.6538461538461539,0.8271604938271605,0.5945945945945946,0.6528925619834711,0.6959459459459459,0.658188518037003,0.3700356621818771,0.5415896487985212,0.5659375,0.8305943787436646,0.1007659167065581,0.8924297339807153,0.4965978253436367,0.2171816984069948,0.7237549587525075,0.5145409764777698,0.6285672730975683,0.7421706421801866,0.5736067747946465,0.6673533928082225,0.8249560635133065,0.791023750282707,0.7432329235753015,0.9059457752616934,0.9401701778447996,0.8429984932686664,-4.190459024500975,0.5806331471335671,0.3995131187449283,0.3757254605097148,0.65710282244612,0.6669595010102785,0.5813211845102506,0.8031767955801105,0.7374024018997196,0.3008,0.3031,0.6539,0.2342,0.336,-0.0158,-0.0979,0.6539,78.71972494789327,0.7258821703843381,0.6113092205807438,0.6073026851098454,0.7377450980392157,0.5910671792055647,0.7585456344298788,0.7328519855595668,0.9231651376146788,0.8450704225352113,0.376258389261745,0.8064403044871795,0.8149292149292149,0.6237486095661846,0.8579881656804734,0.7936772046589018,0.916180904522613,0.7937124005433728,0.3978494623655914,0.6376826943444186,0.6889238020424194,0.4144,1.0,0.7162097234317287,0.8449401523394995,0.8166666666666667,0.4606903163950144,0.723055934515689,1.233543185005716,0.0804964893015207,0.6329787234042553,0.6319444444444444,0.4907306434023992,0.2953652788688138,0.5555555555555555,0.6025834591511492,0.6168,0.8298,0.5441,0.4991,0.4852,0.1909,0.0084941275167785,0.1306071728187916,0.849128127369219,0.6915952997410875,0.6484641638225256,0.7510326164364051,0.5165238678090576,0.8034727703235991,0.5793608092112342,0.8984709480122324,0.8214285714285714,0.93,0.3353960396039604,0.7328519855595668,0.6144200626959248,0.8269230769230769,0.9395952380952384,42.85714285714286,40.38461538461539,95.23809523809524,77.77777777777777,77.35849056603773,42.5925925925926,57.083333333333336,26.82926829268293,28.84615384615384,47.61904761904761,33.33333333333334,41.50943396226416,31.48148148148148,33.89121338912135,9.523809523809518,9.615384615384611,42.85714285714286,55.55555555555556,13.20754716981132,7.407407407407405,16.25,0.0,17.307692307692307,57.142857142857146,33.33333333333334,7.547169811320757,27.777777777777786,19.246861924686183,0.749952147525677,0.9826666666666668,69.19602935870978,0.146095717884131,0.6653386454183268,75.18169058280381,0.2736842105263158,0.6063157894736843,0.3302013422818792,0.4034004474272931,0.4973333333333333,0.835,0.149,0.508,0.8494492044063647,0.9694002447980417,0.8234562666950317,8.346875,141000000000.0,,Mixtral 8x22B Instruct v0.1,chat,15.14719200331684,1146.2986396894098
Mixtral-8x7B-Instruct-v0.1,21.012344717181502,10.706666666666669,172.74666666666667,114.51477459702636,93.26531377413735,100.683231555713,86.2375498458019,98.95103166184846,97.06561708901155,99.2009492520237,99.2009492520237,93.65609851336345,75.63633903475544,83.73515586468298,76.39374470355314,93.13903551538549,62.04304605848301,131.172211591426,85.22554837807127,81.61781445656804,109.537509836399,105.03614826436308,101.55533183529244,131.63823063464577,89.14700828085624,750.0,30.0,0.4814814814814814,0.6666666666666666,0.8518518518518519,0.6081081081081081,0.6611570247933884,0.5675675675675675,0.639472116744844,0.3817879721186578,0.4658040665434381,0.5140625,0.680694209798802,0.072044040210627,0.876598509197839,0.4743212747042331,0.2147862019403521,0.7060542308170096,0.379569324102752,0.5279846169979946,0.730806916636334,0.4836820632112184,0.5948113577997174,0.8461408003128916,0.7296322710483669,0.7205795426929731,0.9177652817402406,0.961334162787854,0.8727683876423273,-4.159279312060998,0.5094316432670015,0.4003245875033811,0.3701741105223315,0.589377460465737,0.524554159711851,0.5899772209567198,0.5821823204419889,0.6909490592235027,0.4389,0.4355,0.4772,0.1817,0.6197,-0.0537,-0.3394,0.6197,68.36251567825089,0.6911723949677275,0.5530310748853795,0.5526851098454028,0.7549019607843137,0.700164744645799,0.7477862973039822,0.7148014440433214,0.8440366972477065,0.6619718309859155,0.3238255033557047,0.7847055288461539,0.7451737451737451,0.6593437152391546,0.819896449704142,0.7579034941763727,0.912964824120603,0.7712012419949544,0.3732718894009216,0.742427451811057,0.6103692065985861,0.2668,1.0,0.7091528782919432,0.8356909684439608,0.81,0.4170661553211889,0.6718963165075034,1.319397989174984,0.1663838141825563,0.4723404255319149,0.65,0.5292620865139949,0.3383084577114427,0.5882352941176471,0.6394900184532797,0.4999,0.7625,0.3433,0.422,0.4247,0.2626,0.018351510067114,0.1282581795302011,0.6368460955269143,0.6767576180043816,0.6279863481228669,0.682025352513887,0.5006119951040392,0.7647987371744278,0.6429570644571183,0.8850152905198777,0.7678571428571429,0.94,0.470503300330033,0.7184115523465704,0.6144200626959248,0.6923076923076923,0.9302942857142864,50.0,36.53846153846154,76.19047619047619,61.11111111111111,67.9245283018868,24.07407407407408,48.33333333333333,26.82926829268293,30.769230769230774,52.38095238095239,44.44444444444444,33.9622641509434,25.925925925925924,32.63598326359832,9.523809523809518,5.769230769230774,33.33333333333334,38.888888888888886,15.094339622641511,7.407407407407405,13.75,12.195121951219503,19.230769230769223,33.33333333333334,38.888888888888886,35.84905660377359,33.33333333333334,27.61506276150628,0.6802779357644697,0.8213333333333334,70.00261137683017,0.4682814302191465,0.6294820717131474,80.27769857014414,0.2905263157894737,0.6357894736842106,0.312751677852349,0.4130224891086776,0.6153333333333333,0.8073333333333333,0.3893333333333333,0.6493333333333333,0.8274173806609547,0.9534883720930232,0.788932851327887,8.321875,56000000000.0,,Mixtral 8x7B Instruct v0.1,chat,17.394947806002705,1114.0
Qwen1.5-0.5B-Chat,16.821560463808613,9.153333333333334,168.11466666666666,93.42859102989893,98.46072268832478,100.4442264581152,101.89823760427976,101.92690645729438,100.7914750050512,103.4735201845443,103.4735201845443,96.48798715590296,94.19382042473494,91.3329112899421,95.96563635640756,90.64593399293274,99.32183751889433,118.45627767595668,101.67455497239628,86.15726226232483,99.25159087680682,106.47929113120684,101.88981486948788,93.79608496139018,98.03729980322576,750.0,30.0,0.3765432098765432,0.5897435897435898,0.5432098765432098,0.5675675675675675,0.3471074380165289,0.5202702702702703,0.4907403253362849,0.3689820068082347,0.0036968576709796,0.334375,0.1517432038089387,0.1434384189290843,0.4662859878273952,0.3048622033782397,0.4299616720565337,0.4161644040949257,0.0357160143331234,0.1891716790376558,0.5146446824245482,0.2455768737160074,0.2709025588370506,0.787481384193606,0.6410548826558413,0.6969434258494432,0.8769076955078005,0.8626797907276375,0.8215991898133307,-5.899403081312731,0.4998643747200345,0.3275628888287801,0.3595760787282361,0.5600854073530394,0.4127207238864974,0.626879271070615,0.7123618784530387,0.5233295806083255,-0.0155,-0.0205,0.003,-0.0339,0.0584,0.0101,-0.0111,0.0584,0.0,0.4732450850699476,0.3653591441670912,0.3665581773799837,0.3431372549019608,0.5436573311367381,0.6312391788276033,0.5703971119133574,0.5149082568807339,0.4507042253521127,0.2558724832214765,0.4909855769230769,0.520978120978121,0.4966629588431591,0.5011094674556213,0.4991680532445923,0.4500502512562814,0.4116048903551329,0.2442396313364055,0.3421944503283203,0.2835820895522388,0.0002,1.0,0.5057655926248461,0.675734494015234,0.4466666666666666,0.2473633748801534,0.4979536152796726,2.687197133678856,0.3792219892848824,0.4159574468085106,0.5597222222222222,0.8949472918938568,0.8033516627389369,0.937908496732026,0.9448079181345412,0.3658,0.6014,0.2538,0.2532,0.2377,0.1242,0.0002097315436241,0.0002097315436241,0.0811220621683093,0.3621788488348934,0.2508532423208191,0.3141290414470873,0.2570379436964504,0.5493291239147593,0.5038200796298289,0.3984709480122324,0.3035714285714285,0.72,0.5717821782178217,0.5848375451263538,0.4984326018808777,0.3653846153846153,0.7070609523809532,71.42857142857143,57.69230769230769,100.0,83.33333333333334,84.90566037735849,74.07407407407408,75.41666666666667,97.5609756097561,96.15384615384616,100.0,100.0,100.0,90.74074074074072,96.65271966527196,69.04761904761905,90.3846153846154,95.23809523809524,94.44444444444444,84.90566037735849,74.07407407407408,82.5,85.3658536585366,57.69230769230769,90.47619047619048,83.33333333333334,71.69811320754717,83.33333333333334,76.15062761506276,1.0,1.0,100.0,0.0,0.6666666666666667,100.0,0.2378947368421052,0.5473684210526316,0.3530201342281879,0.3794277640409749,0.4842222222222222,0.459,0.462,0.5316666666666666,0.3072215422276622,0.920440636474908,0.2827791918668322,3.790625,500000000.0,7.2e+21,Qwen1.5 0.5B Chat,chat,1.7789439771387832,
Qwen1.5-1.8B-Chat,16.082412109161105,8.964,166.31066666666666,88.75915725832071,97.70625930004886,99.35611199897438,99.4654767034546,98.62887896962332,99.17730349071462,100.0329763573298,100.0329763573298,100.91311248541088,102.43002495161184,96.9085770368793,91.85691816434225,100.74033475872425,97.37974295934998,114.6581080857365,97.27559964304167,87.07310481180959,106.21011552699348,100.09047839666052,93.58774574409486,98.55029041441446,99.39383406266204,750.0,30.0,0.3765432098765432,0.6025641025641025,0.4814814814814814,0.5540540540540541,0.2809917355371901,0.4729729729729729,0.4614345927477239,0.390946668828011,0.1626617375231053,0.3409375,0.0812471202580248,0.1125624016959584,0.5212336729809205,0.3168980373384394,0.3875014971852916,0.5240536147123511,0.1412555862046584,0.3434714209655072,0.598193385227637,0.276858427166483,0.3678600450110212,0.816375051561342,0.6841264967888281,0.808508688868706,0.91938486167473,0.935158123234994,0.8461459702185947,-6.43334282389978,0.4760888777907384,0.1782526372734649,0.2215493313146606,0.6184026156001868,0.4511991566370903,0.6806378132118451,0.7064917127071824,0.5528204570227344,0.1829,0.1502,0.1977,0.0552,0.0771,-0.0041,-0.0312,0.1977,19.76396858250364,0.5675535028019393,0.4025471217524197,0.4050040683482506,0.6666666666666666,0.5183964854475562,0.6976502597081375,0.5270758122743683,0.8864678899082569,0.4366197183098591,0.2869127516778523,0.5514823717948718,0.4903474903474903,0.5639599555061179,0.606508875739645,0.5162229617304492,0.5943718592964824,0.600815059188822,0.2457757296466974,0.6654310527430629,0.3605655930871956,0.0528,1.0,0.5006080898471518,0.7334058759521219,0.650952380952381,0.2972195589645254,0.5190995907230559,2.368461305710736,0.2677781105454061,0.4138297872340425,0.5430555555555555,0.7742639040348965,0.64624247185127,0.8594771241830065,0.8387854386847845,0.4394,0.6233,0.3887,0.3085,0.2892,0.1253,0.0015729865771812,0.0702338506711408,0.2054586808188021,0.4665405297749452,0.3412969283276451,0.4641788918957413,0.2631578947368421,0.5943172849250198,0.5004842354460346,0.6990825688073394,0.4642857142857143,0.79,0.3535478547854785,0.5306859205776173,0.5454545454545454,0.4903846153846153,0.8039042857142866,14.285714285714292,26.92307692307693,85.71428571428572,44.44444444444444,56.60377358490566,33.33333333333334,39.16666666666667,12.195121951219503,40.38461538461539,71.42857142857143,61.11111111111111,43.39622641509434,42.5925925925926,41.004184100418406,11.904761904761912,17.307692307692307,42.85714285714286,55.55555555555556,28.301886792452837,27.777777777777786,26.25,7.317073170731703,19.230769230769223,71.42857142857143,38.888888888888886,30.188679245283023,38.888888888888886,30.125523012552307,0.6307996120849229,1.0,77.84197151726895,0.0592930444697833,0.5856573705179282,89.5987377444342,0.2210526315789473,0.6568421052631579,0.2966442953020134,0.3915130107147062,0.4026666666666667,0.3703333333333333,0.334,0.5036666666666667,0.4908200734394125,0.8665850673194615,0.4253373463832363,5.309375,1800000000.0,2.59e+22,Qwen1.5 1.8B Chat,chat,3.537953710006899,
Qwen1.5-110B-Chat,22.408611116708293,10.455904334828102,170.65620328849027,126.284007511043,97.02807277553072,100.52857992653806,85.11174117981004,100.7810686350991,98.20301132280528,98.5146805356373,98.5146805356373,94.97954821096498,71.54719197012524,79.77727990801597,76.80170696537134,89.1993251839388,58.947034518098405,83.41025885557289,85.63435633264095,73.01015131303735,116.63826023366768,107.89427163749716,92.15690511268076,113.26334838657736,88.53939617614594,669.0,30.0,0.5617283950617284,0.8461538461538461,0.8271604938271605,0.5675675675675675,0.7024793388429752,0.7635135135135135,0.7114338591611319,0.4115334738207165,0.0184842883548983,0.6053125,0.1922899708186146,0.202489229296314,0.8231211105792245,0.5128051699377693,0.2021799017846448,0.6755967195198294,0.4689543796339568,0.661161297747421,0.7151619112588041,0.5593278048733195,0.6975825399946571,0.8242731256170729,0.7414019694483451,0.7355619268587497,0.9482292562073084,0.9361246275095284,0.8338567821933413,-12.744840311449629,0.623897694704897,0.5883148498782796,0.5061821852132223,0.6502301995062387,0.6203988403759993,0.5562642369020501,0.8219958563535912,0.730182889546351,0.1496,0.2138,0.3508,0.187,0.1054,0.003,-0.108,0.3508,24.21282210107756,0.7401324495239329,0.6244523688232297,0.6168633034987795,0.7622549019607843,0.5612300933552993,0.8132080138511006,0.7472924187725631,0.9506880733944956,0.8450704225352113,0.3745805369127516,0.7233573717948718,0.7637065637065638,0.5233592880978866,0.5443786982248521,0.7279534109816972,0.9292462311557788,0.7294779739957307,0.4147465437788018,0.7409447151027325,0.6747839748625295,0.0026,0.9985443959243084,0.5956427734902856,0.8193688792165397,0.8623809523809524,0.4041227229146692,0.689631650750341,1.7741813411797858,0.1583973911017936,0.575531914893617,0.6958333333333333,0.4714649218466012,0.2587064676616915,0.5228758169934641,0.5972152323435665,0.6238,0.7485,0.6093,0.5425,0.5246,0.1636,0.0,0.0002810402684563,0.4715693707354056,0.6952798247361084,0.590443686006826,0.7771684945164506,0.4528763769889841,0.7876874506708761,0.4747659528677499,0.8847094801223242,0.5178571428571429,0.93,0.1307755775577557,0.7472924187725631,0.7366771159874608,0.8269230769230769,0.8801176190476199,76.19047619047619,55.76923076923077,100.0,100.0,90.56603773584904,66.66666666666667,76.66666666666667,80.48780487804878,71.15384615384616,85.71428571428572,94.44444444444444,86.79245283018868,61.11111111111111,76.98744769874477,40.47619047619048,26.92307692307693,61.90476190476191,61.11111111111111,32.075471698113205,24.07407407407408,35.41666666666666,51.21951219512195,44.230769230769226,95.23809523809524,88.88888888888889,77.35849056603773,53.7037037037037,62.76150627615064,0.7799495341614907,0.9866666666666668,70.88269552156713,0.2064516129032257,0.6852589641434264,72.4511386643529,0.5052631578947369,0.8926315789473684,0.5503355704697986,0.6494101024373014,0.6916666666666667,0.7613333333333333,0.5713333333333334,0.7423333333333333,0.8445532435740514,0.9828641370869032,0.8300810949693553,8.784375,110000000000.0,1.58e+24,Qwen1.5 110B Chat,chat,28.316002762534705,1161.756127908439
Qwen1.5-14B-Chat,17.83443237951866,9.532,164.22666666666666,100.46736045328464,93.84597827495509,101.03840989896744,101.89154575945209,100.56249533230049,99.7024091089998,103.36454288976162,103.36454288976162,89.18005878428885,83.08000113591117,90.05959502548177,92.17324102770672,83.65187418562114,85.2000463890378,169.34350299596036,94.35416095383049,86.01866967689496,112.82099750620644,104.48258631654316,102.66776347730024,81.10038699102537,93.79082403132782,750.0,30.0,0.5555555555555556,0.6794871794871795,0.9382716049382716,0.668918918918919,0.6446280991735537,0.6756756756756757,0.6937561722915259,0.4062246717458259,0.2236598890942698,0.520625,0.1173398863461833,0.2393147780893113,0.8180605894823224,0.5286876837858169,0.2532938076416337,0.5589728688398332,0.2072704068403726,0.4487086308764031,0.638482207853382,0.4017399295039018,0.5583859928000203,0.7863033487952301,0.6836112961483896,0.6613710439508573,0.9302507793574628,0.920294004160337,0.8522320585339793,-7.355860056732123,0.5631826746782506,0.48985664051934,0.4249306081251577,0.6748515379995996,0.5306158306246157,0.4965831435079726,0.7622582872928176,0.7440376868576768,0.2755,0.4134,0.5967,0.2602,0.3029,0.0263,-0.1823,0.5967,56.55148910893478,0.7708565862546061,0.7045338767193072,0.6935516680227828,0.7990196078431373,0.6708768076148637,0.7925302992827109,0.8194945848375451,0.9403669724770642,0.7464788732394366,0.3246644295302013,0.7047275641025641,0.7176319176319176,0.5653503893214683,0.5972633136094675,0.6455906821963394,0.9109547738693468,0.6448670677275373,0.3502304147465437,0.6969921626773988,0.5388845247446976,0.0724,0.9970887918486172,0.6649500015014564,0.7557127312295974,0.7790476190476191,0.3643336529242569,0.562755798090041,3.965572383198551,0.104855079697847,0.6393617021276595,0.6805555555555556,0.6048709560159943,0.4137208693375229,0.6960784313725489,0.7086059386009058,0.5187,0.7495,0.3963,0.4538,0.4421,0.1495,0.000104865771812,0.0381931627516778,0.491281273692191,0.6221868153754232,0.4505119453924914,0.6607320894459479,0.427172582619339,0.6898184688239937,0.4750887764984396,0.8663608562691132,0.875,0.87,0.1489273927392739,0.8194945848375451,0.6489028213166145,0.7980769230769231,0.8406254761904771,64.28571428571428,53.84615384615385,95.23809523809524,88.88888888888889,90.56603773584904,62.96296296296296,72.08333333333333,34.14634146341463,40.38461538461539,52.38095238095239,44.44444444444444,45.28301886792453,35.18518518518519,40.58577405857741,11.904761904761912,11.538461538461547,33.33333333333334,33.33333333333334,15.094339622641511,9.259259259259252,15.416666666666671,21.951219512195124,34.61538461538461,66.66666666666667,50.0,60.37735849056604,25.925925925925924,40.16736401673641,0.717671568627451,0.9866666666666668,71.88636631380388,0.2133168927250308,0.6135458167330677,76.17821535408392,0.391578947368421,0.783157894736842,0.3919463087248322,0.5222277169433651,0.6522222222222223,0.6973333333333334,0.653,0.6063333333333333,0.7356181150550796,0.9473684210526316,0.6969013721574437,8.009375,14000000000.0,2.02e+23,Qwen1.5 14B Chat,chat,16.476005539833192,1108.5633090321803
Qwen1.5-32B-Chat,21.42052139347684,10.534666666666666,172.56933333333333,118.61254902161564,91.0897543734386,99.18907835884372,85.39679231726251,98.33828081712102,96.1786851331731,96.0372144552611,96.0372144552611,88.82024575195811,73.26054753259756,80.12902895077116,76.535924275173,94.258378056426,67.17061592408263,126.40467873768183,89.00688539607765,65.84432698386281,123.78253592498724,104.22589353909694,91.01232905977452,90.9887629388248,88.94102185755116,750.0,30.0,0.5308641975308642,0.7307692307692307,0.925925925925926,0.6891891891891891,0.743801652892562,0.7364864864864865,0.7261727804657098,0.4299724428594585,0.1645101663585952,0.615,0.340039932422055,0.2199617041646721,0.8662039253231211,0.5430828147438966,0.2455084441250449,0.5733713970142384,0.3652008965974425,0.5821069476717098,0.6482730509690848,0.4962709695754645,0.6414324254622883,0.7675696928277433,0.6979731847554798,0.7108956124318311,0.9232177298985832,0.9545925808747954,0.8445979005000316,-8.234445136291468,0.6347737719370942,0.6656748715174465,0.5717890487004794,0.6738506705811703,0.5461653342704033,0.5662870159453303,0.7848756906077348,0.7099142401121146,0.2773,0.3423,0.5759,0.1549,0.1611,-0.0319,0.095,0.5759,2.5332617477471904,0.7877786190427926,0.6643912379011717,0.6530716029292107,0.7696078431372549,0.8087131612667032,0.7918624783576552,0.8158844765342961,0.9254587155963304,0.8732394366197183,0.3376677852348993,0.6783353365384616,0.7225225225225225,0.5002780867630701,0.5136834319526628,0.6168885191347754,0.9214070351758794,0.7063846303124394,0.3517665130568356,0.8077737767422156,0.6307934014139828,0.1866,1.0,0.6800471457313594,0.7709466811751904,0.8404761904761905,0.3533077660594439,0.6691678035470668,1.7516565972391187,0.0916774816145885,0.7659574468085106,0.7430555555555556,0.5347146492184661,0.3163131709871694,0.6013071895424836,0.6609629256836101,0.5547,0.7893,0.4238,0.4973,0.4921,0.1889,0.0,0.0142732802013422,0.1956027293404094,0.666301533559052,0.4982935153583617,0.7342258937473295,0.4834761321909425,0.7316495659037096,0.4717529323146454,0.8868501529051988,0.5892857142857143,0.92,0.1353135313531353,0.8194945848375451,0.6159874608150471,0.7980769230769231,0.8828280952380961,61.90476190476191,53.84615384615385,90.47619047619048,100.0,92.45283018867924,51.851851851851855,70.0,39.02439024390244,40.38461538461539,57.142857142857146,44.44444444444444,54.71698113207547,38.888888888888886,44.76987447698745,7.142857142857139,11.538461538461547,47.61904761904761,38.888888888888886,16.98113207547169,7.407407407407405,16.25,12.195121951219503,19.230769230769223,42.85714285714286,38.888888888888886,26.41509433962264,38.888888888888886,27.61506276150628,0.7043595839639303,0.9866666666666668,69.94037977729619,0.1142162818955042,0.7290836653386454,76.4619830531899,0.5031578947368421,0.9242105263157896,0.5060402684563758,0.6444695631696691,0.7823333333333333,0.7893333333333333,0.821,0.7366666666666667,0.8433292533659731,0.96328029375765,0.8123624509167942,8.196875,32000000000.0,4.61e+23,Qwen1.5 32B Chat,chat,20.08882340759348,1125.3622226958582
Qwen1.5-4B-Chat,17.634186849198052,9.476,168.276,96.601703122051,99.1171234607821,100.72671553749689,99.54144183017917,103.04891840263971,101.08785827927504,103.56203676403304,103.56203676403304,97.26833730414612,95.83670866980394,95.5803706761198,104.5260795673331,97.4033173247448,95.03256524294858,120.18180739097652,102.75782301637958,87.08117102213832,99.2479305457513,104.48588990887828,97.832078673685,96.9491260875177,98.86123722391471,750.0,30.0,0.3888888888888889,0.5384615384615384,0.7160493827160493,0.668918918918919,0.4876033057851239,0.5675675675675675,0.5612482670563478,0.4080888312530394,0.011090573012939,0.3759375,0.031485178927968,0.1290432879710046,0.6088353962935102,0.3689393421322574,0.3476164810156905,0.5651521807477506,0.190522193708954,0.3989207452523925,0.6225253239974569,0.3013237551792275,0.4403300222190432,0.8301994582382312,0.7311607911247076,0.7784066338621329,0.9182928595054006,0.9291598818047871,0.8777367592173219,-5.141885790429658,0.4128788019855491,0.17392480389505,0.1559424678274034,0.6004537265630213,0.4711411754370552,0.3517084282460136,0.7241022099447514,0.5778667769646009,0.0349,0.0706,0.1081,0.1394,0.2177,0.0599,-0.026,0.2177,0.0,0.5937110109827886,0.4560366785532348,0.4581977217249796,0.6053921568627451,0.6172432729269632,0.7466732624288894,0.7075812274368231,0.5951834862385321,0.5633802816901409,0.2680369127516778,0.643379407051282,0.548005148005148,0.5775862068965517,0.6379437869822485,0.5160149750415973,0.8914572864321608,0.6196390452163788,0.2580645161290322,0.6956153357339546,0.4163393558523173,0.0484,0.9985443959243084,0.6743491186450857,0.7568008705114254,0.6528571428571428,0.3245445829338447,0.5416098226466576,2.450251851682676,0.160959701840205,0.5,0.5833333333333334,0.6990185387131952,0.5320764598062321,0.7450980392156863,0.7965106525750713,0.4142,0.6275,0.3148,0.3126,0.3361,0.1222,0.000104865771812,0.0010580956375838,0.0432145564821834,0.5199163513244374,0.3464163822525597,0.543939609742202,0.2962056303549572,0.6708760852407262,0.469493166899817,0.7935779816513762,0.5892857142857143,0.82,0.2182343234323432,0.703971119133574,0.5297805642633229,0.5961538461538461,0.8414104761904773,61.90476190476191,78.84615384615384,95.23809523809524,83.33333333333334,90.56603773584904,70.37037037037038,78.33333333333333,68.29268292682927,76.92307692307692,71.42857142857143,83.33333333333334,79.24528301886792,61.11111111111111,72.38493723849372,16.666666666666657,15.384615384615389,52.38095238095239,22.22222222222221,18.867924528301884,22.22222222222221,21.66666666666667,12.195121951219503,46.15384615384615,61.90476190476191,44.44444444444444,39.62264150943396,50.0,41.004184100418406,0.8623313008130082,0.952,76.38068623296616,0.4833141542002301,0.7171314741035857,86.58397178424266,0.32,0.7726315789473684,0.4,0.4975438596491228,0.5466666666666666,0.638,0.5503333333333333,0.4516666666666666,0.5030599755201959,0.966952264381885,0.486434982449149,6.259375,4000000000.0,5.76e+22,Qwen1.5 4B Chat,chat,4.917464446718429,988.3156066776542
Qwen1.5-72B-Chat,21.72564255997695,11.0,173.892,123.53302030884151,98.3735461003496,102.82149982104433,89.26684638980174,105.67043189634666,101.32756552208528,103.59955194765706,103.59955194765706,94.24257499841649,74.60518105109554,80.41582040825614,80.24826695957186,87.91206973206114,62.94470685410533,116.7535201216466,92.48557182876274,87.35773237459551,123.0556400567204,97.88766984513006,93.56360247012228,120.7988512115761,90.65997948221536,750.0,30.0,0.6049382716049383,0.8974358974358975,0.9012345679012346,0.581081081081081,0.6859504132231405,0.7094594594594594,0.7300166151176253,0.4263656994650673,0.2199630314232902,0.5990625,0.2266932882813699,0.2373316009026875,0.811461396430281,0.5243964986664843,0.1967301473230327,0.6037381635225192,0.3892215539764329,0.6364246390579738,0.6690593305864774,0.5208968766890076,0.6824144580393814,0.7722844054442957,0.7105615884308065,0.7118286650613972,0.939981988433309,0.961557631618832,0.8521672256486593,-9.542349499751928,0.5579728354628921,0.3865296186096835,0.3560434014635377,0.677186895309268,0.5926381446015989,0.5348519362186788,0.8005870165745856,0.7429600656597114,0.032,0.1639,0.3216,0.3509,0.1913,0.0541,-0.2746,0.3216,1.949226084532366,0.7710120918569114,0.6905756495160469,0.6898901545972336,0.7475490196078431,0.6747208493501738,0.8155577541429632,0.7689530685920578,0.9357798165137616,0.8450704225352113,0.3296979865771812,0.7461438301282052,0.7927927927927928,0.5686874304783093,0.6775147928994083,0.7100665557404326,0.9101507537688442,0.6867843974383854,0.3533026113671275,0.5207583139165431,0.6535742340926944,0.0306,0.9985443959243084,0.5255923245548182,0.7840043525571273,0.840952380952381,0.4103547459252157,0.6964529331514324,2.1366692858034884,0.1127083957272636,0.75,0.7277777777777777,0.5030897855325337,0.2869861220214716,0.5490196078431372,0.6321087065928536,0.6014,0.792,0.5434,0.4854,0.5314,0.1283,0.0,0.0022063758389261,0.2714177407126611,0.68123879705238,0.4829351535836177,0.7684802734653183,0.4418604651162791,0.7695343330702447,0.5019907457225868,0.8837920489296636,0.7678571428571429,0.88,0.1823432343234323,0.7689530685920578,0.7225705329153606,0.8269230769230769,0.891046190476191,80.95238095238095,59.61538461538461,90.47619047619048,100.0,90.56603773584904,74.07407407407408,79.16666666666666,26.82926829268293,30.769230769230774,66.66666666666667,44.44444444444444,54.71698113207547,37.03703703703704,41.004184100418406,21.42857142857143,11.538461538461547,33.33333333333334,38.888888888888886,28.301886792452837,14.81481481481481,21.66666666666667,21.951219512195124,34.61538461538461,52.38095238095239,33.33333333333334,37.735849056603776,7.407407407407405,28.45188284518828,0.8296296296296296,0.9666666666666668,71.99647295068223,0.3370098039215686,0.701195219123506,73.87430736942932,0.5894736842105263,0.96,0.5476510067114094,0.6990415636406452,0.6808888888888889,0.8013333333333333,0.523,0.7183333333333334,0.8347613219094248,0.9388004895960832,0.7836743377044416,8.396875,72000000000.0,8.93e+23,Qwen1.5 72B Chat,chat,22.914016211873527,1147.020544054772
Qwen1.5-7B-Chat,18.279928456541384,9.512,170.59466666666663,102.61340968785476,102.2781542182413,104.05174854280544,105.50403675031652,106.74652497519985,104.3775938612488,107.86443722241708,107.86443722241708,92.43377190251243,85.715775734152,92.64967327816504,102.71228399614088,95.68867779199616,86.93896789116066,112.08065560543656,109.9916403431558,74.12150995811575,109.0162404633133,109.09751444172852,104.32896854145432,102.18069188076238,97.96417151094684,750.0,30.0,0.5246913580246914,0.7435897435897436,0.7777777777777778,0.6824324324324325,0.6694214876033058,0.5405405405405406,0.6564088899947486,0.4515318528124493,0.199630314232902,0.5,0.0982951927507295,0.2764822539834507,0.7167475894139369,0.4966149216986938,0.2635944424481974,0.553413913880731,0.0702375231381917,0.3662317699256457,0.6181912292747765,0.3401255204607106,0.4935719067953859,0.7941928570773982,0.6422565909218697,0.6591293740248996,0.914465747230481,0.8839412212038105,0.8646725405722044,-9.407151462780128,0.6187391988049309,0.7178793616445767,0.6144335099671966,0.6099953292853807,0.5745409821663885,0.4592255125284738,0.736360497237569,0.6790265960759888,0.1862,0.21,0.2185,0.2286,0.2402,0.0709,-0.0028,0.2402,27.8045179112315,0.7523505168424832,0.6193581253183902,0.638120423108218,0.7573529411764706,0.7314662273476112,0.8301756121691813,0.8339350180505415,0.9323394495412844,0.676056338028169,0.3045302013422818,0.6738782051282052,0.601029601029601,0.5731368186874305,0.7063609467455622,0.5615640599001663,0.8944723618090452,0.6083834659421696,0.2949308755760368,0.7854268163524677,0.4548311076197958,0.0008,0.9286754002911208,0.5955977297979039,0.7529923830250272,0.7428571428571429,0.3461169702780441,0.5497953615279673,2.398934109105751,0.1260191008618681,0.5585106382978723,0.5736111111111111,0.6648491457651763,0.4922754647813563,0.7189542483660132,0.7643012917295756,0.5296,0.6896,0.4851,0.4195,0.455,0.1697,0.0003145973154362,0.0248280201342281,0.1910538286580743,0.5884285998805019,0.4351535836177474,0.6010539809143997,0.3610771113831089,0.6558800315706393,0.5186699666415582,0.8379204892966361,0.6071428571428571,0.85,0.2561881188118812,0.8375451263537906,0.6755485893416928,0.5384615384615384,0.8086509523809536,59.523809523809526,53.84615384615385,85.71428571428572,100.0,90.56603773584904,57.407407407407405,70.0,26.82926829268293,28.84615384615384,47.61904761904761,27.777777777777786,45.28301886792453,38.888888888888886,35.98326359832636,16.666666666666657,7.692307692307693,38.095238095238095,38.888888888888886,13.20754716981132,12.962962962962962,16.666666666666657,4.878048780487802,11.538461538461547,66.66666666666667,11.111111111111114,22.641509433962256,35.18518518518519,23.012552301255223,1.0,0.996,74.2191203638292,0.124223602484472,0.6175298804780877,80.36927002594791,0.2652631578947368,0.6463157894736842,0.3516778523489933,0.4210855999058047,0.501,0.5176666666666667,0.5003333333333333,0.485,0.6805385556915544,0.9583843329253366,0.6522174897264225,7.634375,7000000000.0,1.01e+23,Qwen1.5 7B Chat,chat,11.936185460794547,1069.560853958984
Yi-34B-Chat,20.75317496170306,10.482666666666669,168.46133333333333,111.03196117382042,89.08903759545716,100.49023039540998,88.5039062022563,101.51692188607548,97.94690359411824,102.23570993041356,102.23570993041356,88.71150921398839,75.76756833592569,79.19890008094772,86.08358494053299,81.22542865080617,77.52520672883853,103.76567795335816,98.50366999150698,92.64072984407376,109.69296355236862,88.66849029793154,88.43784770028316,85.36710358265977,89.51109158721604,750.0,30.0,0.4691358024691358,0.8076923076923077,0.7037037037037037,0.5878378378378378,0.5289256198347108,0.7027027027027027,0.6333329957067331,0.3696304101150915,0.2236598890942698,0.5496875,0.5956074335739517,0.1331806058948232,0.9062093961567392,0.5196950010257813,0.2912324829320877,0.639339229821017,0.4389219165777813,0.572346352132372,0.6840664907816589,0.5177890602227648,0.6394150926337223,0.8299173404292488,0.7309182204709241,0.7058760691933843,0.9349953848502784,0.929323556129013,0.8442462303138583,-7.101134599925651,0.5554262416788943,0.2991614822829321,0.2964925561443351,0.6463601788216454,0.6353333919002021,0.6373576309794988,0.8178522099447514,0.7486569539603446,0.0655,0.0617,0.1341,0.0574,0.1062,-0.0026,-0.0681,0.1341,71.69404741656186,0.7033718106826437,0.5262353540499236,0.5274613506916193,0.7377450980392157,0.5171151382024529,0.8279248083106604,0.7545126353790613,0.9472477064220184,0.7887323943661971,0.3418624161073825,0.7560096153846154,0.7196911196911197,0.5692436040044494,0.716715976331361,0.785981697171381,0.9117587939698492,0.6978459150009703,0.3686635944700461,0.7086422368142343,0.6284367635506677,0.1502,0.9985443959243084,0.7136347256839134,0.7965179542981502,0.8466666666666667,0.3619367209971237,0.7094133697135061,1.2196913234039386,0.1168679910818275,0.5585106382978723,0.6458333333333334,0.5383496910214468,0.3246923278345116,0.5588235294117646,0.6710283509478275,0.5639,0.755,0.5203,0.4188,0.4186,0.1667,0.0728817114093959,0.1353932466442955,0.3404094010614101,0.6141206930890261,0.5392491467576792,0.7259649622560889,0.3916768665850673,0.7726913970007893,0.5094156892284515,0.8987767584097859,0.5357142857142857,0.93,0.1947194719471947,0.7545126353790613,0.6865203761755486,0.7788461538461539,0.9224776190476194,52.38095238095239,55.76923076923077,95.23809523809524,83.33333333333334,86.79245283018868,29.629629629629637,61.66666666666666,53.65853658536585,71.15384615384616,80.95238095238095,44.44444444444444,67.9245283018868,40.74074074074075,59.41422594142259,16.666666666666657,9.615384615384611,38.095238095238095,44.44444444444444,18.867924528301884,7.407407407407405,17.5,26.82926829268293,57.69230769230769,90.47619047619048,50.0,56.60377358490566,40.74074074074075,50.62761506276151,0.7456524556373652,0.984,72.73302344868333,0.3584018801410106,0.6374501992031872,77.70620423456519,0.471578947368421,0.8842105263157894,0.5516778523489932,0.6358224420110679,0.4817777777777778,0.5356666666666666,0.4903333333333333,0.4193333333333333,0.7613219094247246,0.8959608323133414,0.6821146116265585,7.559375,34000000000.0,6.12e+23,Yi 34B Chat,chat,17.251989109440082,1110.788349223138
Yi-6B-Chat,17.35291914653548,9.456,166.68933333333334,94.62660836667676,99.98147276442212,100.42163869452268,100.65298050505372,101.80821770918924,100.8266076829792,102.7334690259978,102.7334690259978,95.44093143516154,95.46806234644582,94.71698498399287,101.7365563193082,94.34124686565428,98.44865905649056,93.6851835880099,99.82193952257292,90.74853403377725,99.20035969751888,100.64610347329166,100.92972408674704,89.19041165786473,98.11788374482896,750.0,30.0,0.4320987654320987,0.4102564102564102,0.5802469135802469,0.5337837837837838,0.4462809917355372,0.6621621621621622,0.5108048378250399,0.3889204084940832,0.1922365988909427,0.418125,0.2779910919981569,0.1016207344594132,0.8570402790125146,0.4793305067359639,0.4326566055815067,0.5863374431816901,0.3006412573021273,0.4423039936719505,0.6499706343774545,0.3698312575598017,0.5166937632757387,0.7843816706263292,0.775637123278504,0.7186763676928489,0.9359078707405956,0.9021372990194644,0.8534456784449671,-8.010289585156745,0.5011262060777882,0.1904246686502569,0.2233156699470098,0.6215386668445987,0.5870157252042519,0.6118451025056948,0.7726174033149171,0.6998060534101526,0.1316,0.0692,0.1978,0.1156,0.0851,0.0344,-0.1388,0.1978,39.26665362257807,0.5888930791082695,0.482730514518594,0.4833197721724979,0.7132352941176471,0.4958813838550247,0.3715063071976255,0.7003610108303249,0.9288990825688074,0.5352112676056338,0.3003355704697986,0.7064302884615384,0.624967824967825,0.5786985539488321,0.6937869822485208,0.6557820299500832,0.9181909547738694,0.6613623132156026,0.3102918586789555,0.5417284473628469,0.4838963079340141,0.058,0.9985443959243084,0.6863757845109757,0.766050054406964,0.7952380952380952,0.3293384467881112,0.5804911323328786,0.7565544037480832,0.207048018368773,0.5255319148936171,0.6194444444444445,0.6513994910941476,0.4639958104215764,0.7254901960784315,0.7562489515182017,0.4755,0.7288,0.3618,0.3492,0.3482,0.1556,0.0,0.0207046979865772,0.3722517058377558,0.5919139613622785,0.5435153583617748,0.6314627545933628,0.3525091799265606,0.7221783741120757,0.6688905627891961,0.8247706422018348,0.5535714285714286,0.85,0.5711633663366337,0.703971119133574,0.5893416927899686,0.6057692307692307,0.8977250793650803,54.76190476190476,46.15384615384615,95.23809523809524,94.44444444444444,81.13207547169812,64.81481481481481,67.5,51.21951219512195,59.61538461538461,80.95238095238095,66.66666666666667,67.9245283018868,68.51851851851852,64.43514644351464,7.142857142857139,25.0,23.80952380952381,55.55555555555556,16.98113207547169,20.370370370370367,21.25,26.82926829268293,44.230769230769226,85.71428571428572,44.44444444444444,47.16981132075472,55.55555555555556,48.11715481171548,1.0,1.0,75.4737964903278,0.0268948655256723,0.5856573705179282,86.78325073587129,0.311578947368421,0.6842105263157895,0.374496644295302,0.4567620393265041,0.4513333333333333,0.5096666666666667,0.4296666666666666,0.4146666666666667,0.627906976744186,0.8763769889840881,0.5502832256411716,6.159375,6000000000.0,1.08e+23,Yi 6B Chat,chat,5.975859042264661,
dbrx-instruct,17.81254731259096,9.614457831325302,170.78614457831324,90.76180170274912,98.21357360189523,100.85054900061613,103.40444906743842,100.65523757441775,100.64303683417866,102.6164178004345,102.6164178004345,98.41546723694935,99.17688595991272,99.39282741431327,95.35260345558308,98.22694897246926,98.26997004421725,94.91362385813646,97.87918520034414,91.95142023002307,96.0613386087939,103.88427739486448,95.77654556671727,109.67629915145342,99.41089288894298,664.0,27.0,0.5246913580246914,0.6923076923076923,0.8765432098765432,0.6756756756756757,0.7272727272727273,0.6486486486486487,0.6908565519676632,0.3293483546766088,0.2458410351201478,0.644375,0.7333742896636462,0.0941325309444026,0.9188265061888804,0.5064795185666416,0.2629955683315367,0.7319421201843817,0.5549114683194188,0.6281309037155671,0.74642345086356,0.5701903569846559,0.6350103075614936,0.8447671115009006,0.8870062268958888,0.8283183224760314,0.9127927457445428,0.9505085276722663,0.8502325597765502,-4.2530560524746575,0.6000173835766703,0.4790370570733027,0.4511733535200605,0.5672916527657303,0.7305631204427655,0.5676537585421413,0.804385359116022,0.7418946187584345,0.0704,0.086,0.0708,0.0227,0.2676,-0.0031,-0.0725,0.2676,75.34145540208888,0.74413095368548,0.6017320427916455,0.5811635475996745,0.8382352941176471,0.5804503020318507,0.8686124165223844,0.7833935018050542,0.9529816513761468,0.7464788732394366,0.3468959731543624,0.7103365384615384,0.7073359073359073,0.510845383759733,0.588387573964497,0.7100665557404326,0.9234170854271356,0.7017271492334562,0.325652841781874,0.757572548188943,0.6842105263157895,0.295,0.9985443959243084,0.6219783189694004,0.8433079434167573,0.7542857142857143,0.4228187919463087,0.5716234652114598,0.8937404557073488,0.1508768427007421,0.4585106382978723,0.6416666666666667,0.4863685932388222,0.2817491489918827,0.5588235294117646,0.6025834591511492,0.4396008200208873,0.6792151494410221,0.2649325626204239,0.4292538671519563,0.4284632853898562,0.2101010101010101,0.2462248322147651,0.2698080956375841,0.730098559514784,0.7165903206532563,0.6561433447098977,0.7235436547500356,0.4908200734394125,0.7663772691397001,0.5046809426450016,0.9042813455657492,0.7857142857142857,0.93,0.1757425742574257,0.7833935018050542,0.6818181818181818,0.8846153846153846,0.9271576190476196,19.04761904761905,36.53846153846154,61.90476190476191,44.44444444444444,22.641509433962256,33.33333333333334,32.5,21.951219512195124,21.15384615384616,42.85714285714286,27.777777777777786,35.84905660377359,31.48148148148148,29.288702928870293,7.142857142857139,7.692307692307693,38.095238095238095,22.22222222222221,11.320754716981128,5.555555555555557,11.666666666666671,9.756097560975604,21.15384615384616,33.33333333333334,22.22222222222221,13.20754716981132,55.55555555555556,26.359832635983267,0.6678327664399093,0.996,69.27992179232018,0.117820324005891,0.4939759036144578,79.34934713087537,0.287248322147651,0.287248322147651,0.287248322147651,0.287248322147651,0.7994444444444444,0.84,0.846,0.7123333333333334,0.813953488372093,0.9583843329253366,0.7800802709857392,8.20440251572327,132000000000.0,9.499999999999999e+24,DBRX Chat,chat,12.492045931777596,1103.0290932770504
deepseek-llm-67b-chat,20.460662072151383,10.502680965147452,170.3230563002681,112.90639364685408,96.75438550503183,101.8459277091282,95.9525081720243,103.17437068921365,100.90766735819808,103.48779363171336,103.48779363171336,92.40482241686938,83.4733529761129,92.7060247523694,91.00156950311997,100.22963577215626,78.85317464213247,111.20717886624746,100.22066516679328,77.52401599103969,116.7578753262407,99.91521850008516,97.69496874717392,91.83228608123416,94.94585856236344,746.0,30.0,0.5123456790123457,0.7307692307692307,0.7407407407407407,0.581081081081081,0.5454545454545454,0.6216216216216216,0.6220021497799275,0.3603501377857027,0.3530499075785582,0.52375,0.7335278759023192,0.1118443547835601,0.905286192983656,0.5085652738836081,0.2406575637800934,0.7088818922281537,0.4954661879195567,0.6276932511695231,0.720816979961713,0.4993815727426346,0.6326990984384994,0.8880805169157832,0.905209573007459,0.8430373022369779,0.90435972990826,0.9199248240797746,0.8524089193326168,-3.882334696087869,0.5270219566200354,0.2918582634568569,0.2929598788796366,0.6276105958497364,0.6651146446455241,0.6086560364464693,0.6759323204419889,0.7179555447420326,0.0942,0.1133,0.2323,0.0712,0.1291,0.0132,-0.0722,0.2323,76.07330907189922,0.6771046400016876,0.5344880285277637,0.5295972335231895,0.7156862745098039,0.4993593263774483,0.7793717536482809,0.6823104693140795,0.9013761467889908,0.7746478873239436,0.321728187919463,0.7177984775641025,0.6476190476190476,0.6020578420467185,0.7862426035502958,0.5900582362728786,0.9425125628140704,0.7735299825344459,0.4009216589861751,0.6076043211184071,0.6182246661429693,0.0254,0.9985443959243084,0.6167757724993244,0.8373231773667029,0.8114285714285714,0.3772770853307766,0.7073669849931787,1.34383220676696,0.1099464244118332,0.4340425531914894,0.7055555555555556,0.5499818247909851,0.3623985336475517,0.6111111111111112,0.6576077839288711,0.5082,0.7728,0.3556,0.4384,0.4368,0.1717,0.0073406040268456,0.0828229865771809,0.4753601213040181,0.6581358295160327,0.5819112627986348,0.7204814129041447,0.3990208078335373,0.8089976322020521,0.605079091789519,0.8831804281345565,0.7857142857142857,0.92,0.3939768976897689,0.6823104693140795,0.6504702194357367,0.8173076923076923,0.9346157142857144,71.42857142857143,76.92307692307692,100.0,100.0,90.56603773584904,37.03703703703704,73.75,36.58536585365854,46.15384615384615,47.61904761904761,27.777777777777786,52.83018867924528,29.629629629629637,41.004184100418406,14.285714285714292,21.15384615384616,23.80952380952381,44.44444444444444,13.20754716981132,5.555555555555557,16.666666666666657,36.58536585365854,61.53846153846153,80.95238095238095,44.44444444444444,69.81132075471697,31.48148148148148,52.71966527196653,0.809591631104789,0.972,70.62205455377251,0.2515644555694618,0.6772908366533865,76.42986491766658,0.6336842105263157,0.9073684210526316,0.5181208053691275,0.6863911456493583,0.4961111111111111,0.8006666666666666,0.4173333333333333,0.2703333333333333,0.773561811505508,0.90452876376989,0.6997089090606737,8.509375,67000000000.0,8.04e+23,DeepSeek LLM 67B Chat,chat,11.841772115475678,1076.9058436783962
deepseek-llm-7b-chat,18.41349451563976,9.618666666666666,169.78666666666666,100.5050710973909,98.27435195680104,101.19232328566945,99.11763207153815,100.7583509706981,100.7421365014228,100.88454692769572,100.88454692769572,99.65383073894245,92.7466084211857,100.48503996819902,90.65982079675211,102.98942797539532,86.33086554256263,76.22065700186144,98.92687596010838,76.05861761048284,99.70184779229356,90.39373467028516,94.73100015575764,96.46695037580236,98.21807359881528,750.0,30.0,0.4814814814814814,0.4358974358974359,0.7037037037037037,0.5,0.4545454545454545,0.6216216216216216,0.5328749495416162,0.3948776138758307,0.1977818853974122,0.42,0.454461680233451,0.0889010462969294,0.8123504068932503,0.4506257265950899,0.2949754461612169,0.6431762019662328,0.2058248537695521,0.2981403159751782,0.6775892868487361,0.3090049785520805,0.3983873320078394,0.8582084186255045,0.6728900714138408,0.7214595023150805,0.9219317749037484,0.939343889010168,0.8537245202120951,-4.097050906222849,0.5054235899289505,0.19421152285637,0.2086802927075448,0.623807299659705,0.6445576737239743,0.5995444191343964,0.7617403314917127,0.6772495354510536,0.0153,0.0677,0.0403,0.0042,-0.0204,0.0004,-0.0322,0.0677,54.90486504263784,0.6579775443224405,0.5571064696892511,0.5648901545972336,0.7083333333333334,0.4971627311001281,0.719935691318328,0.703971119133574,0.9208715596330276,0.5915492957746479,0.2768456375838926,0.6655649038461539,0.6471042471042471,0.4880422691879866,0.5554733727810651,0.6593178036605657,0.8741708542713568,0.7151174073355328,0.3026113671274961,0.6781402245287016,0.4210526315789473,0.103,0.950509461426492,0.6356941232996006,0.794885745375408,0.6476190476190476,0.3269415148609779,0.5948158253751705,1.1950818298593526,0.1202289441283152,0.426595744680851,0.5902777777777778,0.7390039985459834,0.6137732390678189,0.7647058823529411,0.8139573896997149,0.3802,0.6574,0.1832,0.3453,0.3437,0.1949,0.0109060402684563,0.1029236577181204,0.4594389689158453,0.5915156343357897,0.4820819112627986,0.4992166358068651,0.3463892288861689,0.7040252565114443,0.5556870762939847,0.8339449541284404,0.8571428571428571,0.85,0.3547854785478548,0.703971119133574,0.5282131661442007,0.5,0.8903742857142861,61.90476190476191,53.84615384615385,76.19047619047619,50.0,66.0377358490566,38.888888888888886,56.25,46.34146341463414,57.69230769230769,52.38095238095239,50.0,50.943396226415096,37.03703703703704,48.53556485355649,7.142857142857139,7.692307692307693,19.04761904761905,38.888888888888886,11.320754716981128,12.962962962962962,12.916666666666671,17.07317073170732,46.15384615384615,23.80952380952381,22.22222222222221,18.867924528301884,40.74074074074075,30.125523012552307,0.8819183673469388,0.984,75.24266895385321,0.1061946902654867,0.6215139442231076,85.91707212618527,0.431578947368421,0.8315789473684211,0.4335570469798657,0.5655716472389025,0.5775555555555556,0.6723333333333333,0.4803333333333333,0.58,0.6682986536107711,0.8739290085679314,0.5840455797773446,7.16875,7000000000.0,8.4e+22,DeepSeek LLM 7B Chat,chat,6.355456419337401,
falcon-180B-chat,15.913891248305184,8.307692307692308,167.03846153846155,91.67895588560182,92.98576393401557,95.30214522685571,93.60709360561428,98.03422501556356,96.12326191124374,94.03459934881874,94.03459934881874,97.54024385879164,100.30528291321642,91.83909726490695,89.79193815790758,105.38647008734704,96.6395797634608,61.840518538153646,95.58510128840274,59.10583906084291,91.72576165229036,105.8016978489076,89.19119911467672,92.21853677247644,95.2357208233111,26.0,26.0,0.5061728395061729,0.717948717948718,0.6790123456790124,0.6148648648648649,0.5041322314049587,0.5337837837837838,0.592652463864585,0.3302804344302156,0.321626617375231,0.5178125,0.6052833666103518,0.0784038842918689,0.507385625384668,0.2928947548382685,0.2276021080368906,0.7155253541322919,0.4190864757553633,0.5325713606321949,0.7349714359479818,0.4336371184323048,0.5500920152639897,0.8411780787858554,0.8994059035401196,0.8410382290326419,0.9156661053447436,0.9570246596669189,0.860279722590954,-3.964967203339296,0.4373770079619721,0.2055720854747092,0.2026242745394902,0.5400013344898913,0.5969428094526926,0.6314350797266515,0.4476864640883978,0.56370317917575,0.0437,0.0592,0.1016,0.0344,0.0527,-0.0025,-0.0483,0.1016,50.91354806629332,0.6696302036643583,0.5509933774834437,0.5583807973962571,0.7107843137254902,0.7120629690646165,0.7094484293841207,0.7581227436823105,0.6811926605504587,0.676056338028169,0.2965604026845637,0.7073818108974359,0.6594594594594595,0.6354282536151279,0.8221153846153846,0.5702995008319468,0.8669346733668342,0.782068697845915,0.3379416282642089,0.5694768057614912,0.5687352710133543,0.1886,1.0,0.6225188432779797,0.8400435255712732,0.6957142857142857,0.3518696069031639,0.6834924965893588,1.3757732837889731,0.1145718944461082,0.4361702127659574,0.6777777777777778,0.6055979643765904,0.3644933228593873,0.7058823529411765,0.739473242744506,0.5831,0.7028,0.6242,0.3974,0.4338,0.1162,0.0008389261744966,0.1202244127516784,0.6148597422289613,0.6867157936666003,0.4402730375426621,0.6424298532972511,0.3696450428396572,0.7932123125493291,0.5686000215215754,0.8798165137614679,0.7321428571428571,0.97,0.3306518151815181,0.7581227436823105,0.6065830721003135,0.6634615384615384,0.9246290476190484,45.238095238095234,46.15384615384615,52.38095238095239,66.66666666666667,52.83018867924528,22.22222222222221,44.16666666666666,51.21951219512195,53.84615384615385,42.85714285714286,55.55555555555556,50.943396226415096,48.14814814814815,50.62761506276151,11.904761904761912,19.230769230769223,23.80952380952381,44.44444444444444,9.433962264150937,9.259259259259252,15.833333333333329,17.07317073170732,42.30769230769232,42.85714285714286,38.888888888888886,32.075471698113205,59.25925925925926,39.33054393305439,0.925,0.7573333333333333,74.81671835399223,0.2140266021765416,0.6892430278884463,86.65330503631347,0.4757894736842105,0.7494736842105263,0.4671140939597315,0.5641257506181561,0.5721111111111111,0.8113333333333334,0.3266666666666666,0.5783333333333334,0.8090575275397797,0.8188494492044064,0.6624963108006274,7.18125,180000000000.0,3.76e+24,Falcon 180B Chat,chat,4.9249532697388965,1033.1723453659956
falcon-40b-instruct,16.86096620579377,9.118666666666666,166.87733333333333,92.06086887105944,98.23860044029516,101.42132329934536,103.32854118527312,100.87231559075396,101.02693459991758,102.51292622326548,102.51292622326548,100.11175938639532,102.59272748012604,102.19976945975976,107.1468444547756,101.2196650137264,100.65385450601048,87.33444021738221,103.84778918262076,85.57534763143192,101.00837342684044,97.82471664740572,95.8318222220183,108.36151681638444,101.49117281599952,750.0,30.0,0.5308641975308642,0.5897435897435898,0.7160493827160493,0.527027027027027,0.5454545454545454,0.6486486486486487,0.5929645651867874,0.4645404441562651,0.1959334565619223,0.435,0.391798494854861,0.1512001641250085,0.8170006154687821,0.4841003897968953,0.2898550724637681,0.6973391540099972,0.2728085788520943,0.4099780415158659,0.7177250348387642,0.3034260942111382,0.4295270960120849,0.8885848522640384,0.804965312953136,0.8195843913819085,0.9102484440702064,0.9465651099304108,0.8887979927684851,-4.2324836016696485,0.5164298516371112,0.238571814985123,0.2248296744890234,0.636818576099286,0.6493015900904858,0.564009111617312,0.7850483425414365,0.5734096633966574,0.0638,0.1002,0.1744,0.089,0.1662,0.0074,-0.0139,0.1744,6.362321942435786,0.6995378966921273,0.5861436576668365,0.5933685923515053,0.7549019607843137,0.5489657697235951,0.770714815730893,0.7220216606498195,0.930045871559633,0.6901408450704225,0.2726510067114094,0.7391326121794872,0.7642213642213642,0.6268075639599555,0.676405325443787,0.6846921797004991,0.8874371859296483,0.7702309334368329,0.2672811059907834,0.387841558991739,0.413197172034564,0.0502,0.9985443959243084,0.5872421248611153,0.8329706202393906,0.6433333333333333,0.3331735378715244,0.5770804911323328,1.263220144131424,0.2602242853815181,0.4914893617021276,0.6625,0.7255543438749545,0.5572139303482587,0.823529411764706,0.813286361348767,0.299,0.5352,0.1142,0.3085,0.2748,0.1343,0.0123741610738255,0.1042722315436241,0.3510235026535254,0.6371240788687512,0.5238907849829352,0.5256373735935052,0.3831089351285189,0.7774269928966061,0.6629721295598838,0.8617737003058104,0.8392857142857143,0.93,0.5257838283828383,0.7220216606498195,0.6394984326018809,0.4423076923076923,0.9248876190476196,78.57142857142857,82.6923076923077,95.23809523809524,88.88888888888889,94.33962264150944,87.03703703703704,87.08333333333333,82.92682926829268,92.3076923076923,100.0,100.0,94.33962264150944,85.18518518518519,90.7949790794979,26.19047619047619,26.92307692307693,71.42857142857143,55.55555555555556,24.52830188679245,46.29629629629629,36.66666666666667,60.97560975609756,71.15384615384616,95.23809523809524,94.44444444444444,88.67924528301887,83.33333333333334,79.9163179916318,1.0,0.9746666666666668,74.98906957943346,0.2223557692307692,1.0,93.52436472809198,0.4231578947368421,0.6210526315789474,0.4885906040268456,0.5109337101142116,0.5338888888888889,0.6446666666666667,0.499,0.458,0.8494492044063647,0.7503059975520195,0.6373468326818869,5.190625,40000000000.0,2.4e+23,Falcon 40B Instruct,chat,2.3203629862679485,
falcon-7b-instruct,16.173909090528937,8.984,164.86933333333334,88.01286181641763,100.31812076720362,100.64017352523204,99.87921887827687,100.14338531352284,100.39792580114026,102.33533325253968,102.33533325253968,100.6244188020652,102.49306506883264,100.48861052977922,96.34734136691382,103.03392512837628,96.91126216450792,88.84651212422513,99.81921962579514,97.37939039074276,92.35503586970084,108.37979108127652,100.37095382034876,92.61572953747108,100.9735979844314,750.0,30.0,0.2479338842975206,0.4871794871794871,0.4074074074074074,0.4864864864864865,0.2479338842975206,0.5540540540540541,0.4051658672870794,0.5069298103420328,0.1460258780036968,0.3315625,0.2607894332667793,0.0838063324899131,0.6004923750256446,0.3421493537577788,0.3495927656006707,0.6185271959748835,0.2362303372076113,0.1765566057375188,0.6519265788020465,0.2511562161320058,0.247233896837402,0.8658810117922002,0.8186987423980383,0.7473092517317894,0.9023160907019788,0.9931303809957456,0.8851707515347411,-3.761404293381037,0.4461395692162547,0.1817690018934271,0.2230633358566742,0.6267431774204311,0.4183431432838443,0.516628701594533,0.7102900552486188,0.4963842455621301,0.1028,0.0842,0.0567,-0.0061,0.0327,0.0329,-0.0517,0.1028,4.878788767690461,0.5384885512536457,0.3909322465613856,0.3846623270951994,0.5661764705882353,0.5037525169320886,0.5459065050704922,0.6028880866425993,0.8910550458715596,0.4225352112676056,0.2676174496644295,0.6620592948717948,0.5732303732303732,0.6053948832035595,0.625,0.6193843594009983,0.8337688442211055,0.6429264506112944,0.227342549923195,0.3448421944503283,0.2686567164179104,0.0196,0.8384279475982532,0.5968814750307798,0.7834602829162133,0.4157142857142857,0.2511984659635666,0.5013642564802183,0.8713683473738372,0.4939935443080097,0.351063829787234,0.5541666666666667,0.9975142330206078,0.975438596491228,0.9902912621359224,1.0,0.3142,0.4875,0.2251,0.2448,0.2309,0.1343,0.0371224832214765,0.105539010067114,0.048521607278241,0.5167297351125274,0.3984641638225256,0.249893177610027,0.2900856793145654,0.6661404893449092,0.6193909394167653,0.7079510703363915,0.5357142857142857,0.86,0.5717821782178217,0.6028880866425993,0.5031347962382445,0.625,0.8722890476190484,35.71428571428571,46.15384615384615,71.42857142857143,38.888888888888886,47.16981132075472,53.7037037037037,47.91666666666666,51.21951219512195,65.38461538461539,80.95238095238095,66.66666666666667,67.9245283018868,66.66666666666667,65.27196652719665,38.095238095238095,48.07692307692307,61.90476190476191,61.11111111111111,45.28301886792453,38.888888888888886,45.833333333333336,51.21951219512195,46.15384615384615,85.71428571428572,38.888888888888886,47.16981132075472,59.25925925925926,53.13807531380753,1.0,1.0,86.22692279892361,0.0067294751009421,1.0,97.1330196870508,0.2505263157894737,0.5221052631578947,0.3704697986577181,0.3810337925350288,0.4043333333333333,0.3906666666666666,0.3176666666666666,0.5046666666666667,0.1884944920440636,0.9742962056303548,0.1836494683807523,4.18125,7000000000.0,6.3e+22,Falcon 7B Instruct,chat,1.1846270151181988,
gemma-1.1-2b-it,17.145719859879836,9.401333333333334,167.932,100.56310463810506,103.2773493831826,104.22633610843064,112.86091096346048,104.7682560995679,104.91171555913694,106.1709104451572,106.1709104451572,83.5297229396791,88.1552789738272,87.45686916404335,103.9715553022576,83.07523217864718,88.92383801426794,250.0252267838465,105.99069795231748,110.84996689427398,93.44114323077255,114.44157560532368,102.6822963581004,89.69037177283458,97.48730300262817,750.0,30.0,0.4444444444444444,0.5256410256410257,0.5308641975308642,0.5878378378378378,0.4876033057851239,0.5067567567567568,0.5138579279993422,0.4188280110228561,0.255083179297597,0.3515625,0.2703117800645062,0.1776995144635163,0.5716337276892567,0.3746666210763865,0.3434243621990657,0.5417562130320652,-0.1517402682798438,-0.0324780328185281,0.6089166630873275,0.1949668468137263,0.2615304068204142,0.8331830584346608,0.5741034044166422,0.5549507958586744,0.9182237452001096,0.704038984162566,0.7492638114295284,-6.264444795903096,0.418104172154583,0.1804165539626724,0.1930355791067373,0.596516981383866,0.5436176754809804,0.5066059225512528,0.488432320441989,0.5170679292536073,0.2215,0.2149,0.3621,0.0779,0.1266,0.1239,-0.0592,0.3621,33.93984733832097,0.5885894110534882,0.5227712684666327,0.5402766476810414,0.6691176470588235,0.6346329855390811,0.391911946574326,0.6787003610108303,0.7924311926605505,0.4788732394366197,0.2634228187919463,0.5202323717948718,0.5281853281853282,0.5063959955506118,0.5125739644970414,0.5,0.5477386934673367,0.5654958276732001,0.2642089093701997,0.3757678457953823,0.2898664571877455,0.0762,0.7918486171761281,0.6195009158884117,0.7529923830250272,0.5271428571428571,0.2813998082454458,0.4993178717598908,3.2965864109063285,0.2538018701540714,0.5297872340425532,0.5555555555555556,0.7978916757542711,0.68394867766431,0.8137254901960785,0.8676396577755411,0.3146,0.4942,0.1839,0.3057,0.3005,0.1525,0.0,0.0058619966442953,0.0682335102350265,0.486158135829516,0.4453924914675768,0.3792906993305797,0.2937576499388005,0.611681136543015,0.6274615301840095,0.7308868501529052,0.6071428571428571,0.81,0.5707508250825083,0.6787003610108303,0.5219435736677116,0.3653846153846153,0.7856950000000008,92.85714285714286,73.07692307692308,100.0,94.44444444444444,92.45283018867924,74.07407407407408,85.0,97.5609756097561,88.46153846153847,100.0,88.88888888888889,96.22641509433964,81.48148148148148,91.2133891213389,50.0,44.230769230769226,95.23809523809524,77.77777777777777,73.58490566037736,55.55555555555556,61.25,43.90243902439024,76.92307692307692,100.0,77.77777777777777,81.13207547169812,57.407407407407405,69.8744769874477,0.8777709359605912,0.9826666666666668,79.47353364307688,0.0103225806451613,0.8725099601593626,95.34802214553083,0.4042105263157894,0.7073684210526315,0.3973154362416107,0.5029647945366772,0.4893333333333333,0.482,0.4746666666666667,0.5113333333333333,0.9987760097919216,0.2105263157894736,0.2102686336404045,5.715625,2000000000.0,7.2e+22,Gemma 1.1 2B IT,chat,6.89260949462458,1020.6144676862192
gemma-1.1-7b-it,19.109929885843744,10.194666666666668,174.05066666666667,107.76497631066675,100.39401913189444,101.85918283077314,99.37237258527904,106.79694488063888,102.34172486820503,106.91201941691465,106.91201941691465,88.13774773818035,76.55556655191302,81.5201815848634,93.640460229236,100.30866300191272,69.83764362250501,78.00094279027452,94.50339222074746,60.4504327164838,116.11132989006734,116.33721110312484,109.40367141235056,126.51666513554036,92.76552961625995,750.0,30.0,0.4259259259259259,0.3846153846153846,0.7283950617283951,0.5675675675675675,0.5289256198347108,0.5608108108108109,0.5327067284137992,0.4004700923974712,0.4158964879852125,0.4628125,0.0296421440638918,0.322197907406141,0.8051357450591534,0.5636668262326472,0.213768115942029,0.5929776388333581,0.0078927430339934,0.2826213091245804,0.6516457324223247,0.2781271882506425,0.4643978139113315,0.7933939402123003,0.6055678858666926,0.5750491699176066,0.9277215108058668,0.6693780398928157,0.8153345881704104,-7.163670703066767,0.5827424262731937,0.5975114958074114,0.5455463033055766,0.6444251684793487,0.5690942633752086,0.45375854214123,0.6861187845303868,0.665053672272397,0.7472,0.9492,1.3189,0.5867,0.9281,0.2082,-0.3962,1.3189,56.8077388699101,0.6805670648882252,0.5315333672949567,0.5322416598860863,0.7303921568627451,0.676368295808164,0.5976997279248083,0.8267148014440433,0.8876146788990825,0.6619718309859155,0.2978187919463087,0.6998697916666666,0.6568854568854569,0.5870411568409344,0.7137573964497042,0.6164725457570716,0.8880402010050251,0.6058606636910537,0.2872503840245776,0.6993221775047659,0.4571877454831107,0.2078,0.9941775836972344,0.6984174649409928,0.778563656147987,0.7266666666666667,0.3470757430488974,0.5859481582537517,2.021776055228517,0.1570995973511696,0.4861702127659574,0.5930555555555556,0.6597600872410032,0.4503796805446452,0.6830065359477123,0.7891293407146452,0.5811,0.8086,0.5051,0.4108,0.5541,0.1566,0.0070260067114093,0.1136776426174486,0.4950720242608036,0.5907189802828122,0.5264505119453925,0.5905853866970517,0.3500611995104039,0.6803472770323599,0.4475411600129129,0.8110091743119267,0.4285714285714285,0.85,0.1610973597359736,0.8267148014440433,0.5047021943573667,0.6346153846153846,0.8324719047619059,100.0,82.6923076923077,100.0,88.88888888888889,92.45283018867924,94.44444444444444,92.5,95.1219512195122,80.76923076923077,95.23809523809524,88.88888888888889,90.56603773584904,88.88888888888889,89.1213389121339,90.47619047619048,73.07692307692308,90.47619047619048,77.77777777777777,77.35849056603773,90.74074074074072,82.91666666666667,90.2439024390244,73.07692307692308,90.47619047619048,77.77777777777777,83.01886792452831,62.96296296296296,77.82426778242677,0.9023660552730322,0.984,76.2965158055451,0.0252225519287834,0.8725099601593626,86.1554844894319,0.6589473684210526,0.7978947368421052,0.6348993288590604,0.697247144707406,0.417,0.5796666666666667,0.326,0.3453333333333333,0.97796817625459,0.5569155446756426,0.5446456795542699,7.48125,7000000000.0,2.52e+23,Gemma 1.1 7B IT,chat,18.867022181580843,1083.744864494919
