,machiavelli-points,machiavelli-achievements,machiavelli-steps,machiavelli-game.score,machiavelli-power.money,machiavelli-power.physical,machiavelli-power.social,machiavelli-power.utility,machiavelli-power.Σ,machiavelli-utility.suffering,machiavelli-utility.Σ,machiavelli-violations.deception,machiavelli-violations.fairness,machiavelli-violations.intending_harm,machiavelli-violations.killing,machiavelli-violations.manipulation,machiavelli-violations.non_physical_harm,machiavelli-violations.other,machiavelli-violations.physical_harm,machiavelli-violations.promises,machiavelli-violations.spying,machiavelli-violations.stealing,machiavelli-violations.trespassing,machiavelli-violations.vandalism,machiavelli-violations.Σ,machiavelli-samples,machiavelli-games,adv_mnli_mismatched,adv_qqp,adv_rte,adv_qnli,adv_mnli,adv_sst2,adv_glue,advanced_ai_risk,ifeval,anli,bbh,bbq_amb,bbq_disamb,bbq,beavertails,brier_piqa,brier_medqa_4options,brier_mmlu,brier_temp_tuned_piqa,brier_temp_tuned_medqa_4options,brier_temp_tuned_mmlu,rmsce_piqa,rmsce_medqa_4options,rmsce_mmlu,rmsce_temp_tuned_piqa,rmsce_temp_tuned_medqa_4options,rmsce_temp_tuned_mmlu,crows_pairs_english,decodingtrust_adv_glue++,decodingtrust_adv_glue++_mnli,decodingtrust_adv_glue++_mnli_mismatch,decodingtrust_adv_glue++_qnli,decodingtrust_adv_glue++_qqp,decodingtrust_adv_glue++_rte,decodingtrust_adv_glue++_sst2,decodingtrust_adv_demonstration,discrim_eval_asian,discrim_eval_hispanic,discrim_eval_black,discrim_eval_female,discrim_eval_non-binary,discrim_eval_younger,discrim_eval_older,discrim_eval,eq_bench,glue,glue_mnli,glue_mnli_mismatch,glue_mrpc,glue_qnli,glue_qqp,glue_rte,glue_sst2,glue_wnli,gpqa,ethics_all,ethics_cm,ethics_deontology,ethics_justice,ethics_utilitarianism,ethics_virtue,lambada_openai,logiqa,mc_taco,medqa_4options,minerva_math,moralchoice,persona,piqa,safety_bench,scrolls_quality,scruples,simple_cooccurrence_bias,sycophancy,toxigen,winogender,wmdp,wmdp_bio,wmdp_chem,wmdp_cyber,steer,steer2,steer3,steer4,steer5,steer9,drop_em,drop_f1,gsm8k,hellaswag,arc_challenge,mmlu,truthfulqa_mc1,winogrande,superglue,superglue_boolq,superglue_cb,superglue_copa,superglue_multirc,superglue_sglue_rte,superglue_wic,superglue_wsc,superglue_record,HarmBench-DirectRequest-chemical_biological,HarmBench-DirectRequest-cybercrime_intrusion,HarmBench-DirectRequest-harassment_bullying,HarmBench-DirectRequest-harmful,HarmBench-DirectRequest-illegal,HarmBench-DirectRequest-misinformation_disinformation,HarmBench-DirectRequest-all,HarmBench-HumanJailbreaks-chemical_biological,HarmBench-HumanJailbreaks-cybercrime_intrusion,HarmBench-HumanJailbreaks-harassment_bullying,HarmBench-HumanJailbreaks-harmful,HarmBench-HumanJailbreaks-illegal,HarmBench-HumanJailbreaks-misinformation_disinformation,HarmBench-HumanJailbreaks-all,HarmBench-TAP-T-chemical_biological,HarmBench-TAP-T-cybercrime_intrusion,HarmBench-TAP-T-harassment_bullying,HarmBench-TAP-T-harmful,HarmBench-TAP-T-illegal,HarmBench-TAP-T-misinformation_disinformation,HarmBench-TAP-T-all,HarmBench-GCG-T-chemical_biological,HarmBench-GCG-T-cybercrime_intrusion,HarmBench-GCG-T-harassment_bullying,HarmBench-GCG-T-harmful,HarmBench-GCG-T-illegal,HarmBench-GCG-T-misinformation_disinformation,HarmBench-GCG-T-all,cyberseceval2_canary_exploit,cyberseceval2_frr,cyberseceval2_instruct,cyberseceval2_mitre,cyberseceval2_prompt_injection,cyberseceval2_autocomplete,rules_basic,rules_benign,rules_redteam,rules_all,halueval,halueval_dialogue,halueval_qa,halueval_summarization,truthfulqa_truth,truthfulqa_info,truthfulqa_truth*info,MT_Bench,model_size,FLOP,name,type
Mixtral-8x22B-v0.1,17.24360832035213,9.261538461538462,144.74700854700853,88.35114237269906,96.88222049178086,99.82907751445522,103.2104439545514,98.98921468446876,99.84028288319956,101.07099776710835,101.07099776710835,101.05616667542351,98.91872925425037,99.77586474480962,96.64529367305903,103.07089439845483,98.8401866451552,79.66235293490747,100.11396900036316,82.77497859727745,92.87505640988134,99.03130013689231,94.28424574931645,95.33356670450088,99.89383515410923,585.0,30.0,0.49382716049382713,0.47435897435897434,0.7654320987654321,0.527027027027027,0.5454545454545454,0.6824324324324325,0.581422039755373,0.3853541903063705,0.18114602587800369,0.46375,0.8107817539548456,0.09303836422074814,0.8233604595500239,0.45819941188538604,0.26622948856150436,0.7094512655890568,0.5746186018474635,0.6564189581502506,0.7222668298676636,0.5773065470724013,0.659304673386862,0.8587493257910999,0.9426841724156607,0.8449986458491041,0.903358869610644,0.9177527414210079,0.8482894769569689,-3.979945976107193,0.5182090481584928,0.22504733567757643,0.24728740852889225,0.6204043504370454,0.5770007906527278,0.6902050113895216,0.7493093922651933,0.5695595401224955,0.0344,0.0088,0.0428,-0.0203,0.1154,0.0025,-0.0265,0.1154,12.948039235090848,0.6450347066250994,0.5532348446255732,0.560313262815297,0.6911764705882353,0.5152846421380194,0.4466979965372248,0.6931407942238267,0.911697247706422,0.7887323943661971,0.3808724832214765,0.6677684294871795,0.6594594594594595,0.568131256952169,0.6712278106508875,0.5515806988352745,0.8566834170854272,0.7972055113526101,0.3533026113671275,0.4109298877356492,0.6787117046347211,0.3808,0.9970887918486172,0.6609711420077475,0.8318824809575626,0.7328571428571429,0.3998082454458293,0.6377899045020464,1.037415104270549,0.08921500116468672,0.4372340425531915,0.6402777777777777,0.4998182479098509,0.284891332809636,0.5588235294117646,0.6253984230833752,0.5990020500522183,0.7397900981063199,0.5991329479768787,0.4581437670609645,0.4360333080999243,0.19393939393939394,0.0,0.0040530620805369144,0.7573919636087946,0.7050388368850826,0.6672354948805461,0.7722546645776955,0.35006119951040393,0.8492501973164956,0.6794361347250619,0.8798165137614679,0.7321428571428571,0.93,0.5499174917491749,0.6895306859205776,0.603448275862069,0.5865384615384616,0.9392452380952385,11.904761904761912,28.84615384615384,52.38095238095239,33.33333333333334,22.641509433962256,57.407407407407405,33.33333333333334,26.829268292682926,25.0,23.80952380952381,33.33333333333334,37.735849056603776,40.74074074074075,32.21757322175732,11.904761904761912,21.15384615384616,9.523809523809518,27.777777777777786,11.320754716981128,7.407407407407405,13.75,19.51219512195121,30.769230769230774,47.61904761904761,50.0,35.84905660377359,61.11111111111111,39.74895397489539,0.895,0.9733333333333334,72.12618547822501,0.0273972602739726,0.652,73.87526932893518,0.30105263157894735,0.5221052631578947,0.2389261744966443,0.35402802307782877,0.6387777777777778,0.7983333333333333,0.5996666666666667,0.5183333333333333,0.6376988984088128,0.8017135862913096,0.5112518708173468,6.440625,141000000000.0,,Mixtral 8x22B v0.1,base
Mistral-7B-v0.1,17.887359565105438,9.476,168.65866666666668,98.61723597137627,101.97618278937215,102.81557823523845,105.78036917183579,106.57969520062689,104.07261095758658,108.8220404245828,108.8220404245828,88.09541377694146,91.35928195160447,86.24438113813378,100.80337600884637,90.04933408057522,96.18600742309694,167.40457761637356,104.46047870898475,78.19917989023673,99.76981605310476,110.40758956160755,103.74714426062346,89.181245229567,97.66649638516316,750.0,30.0,0.4074074074074074,0.4230769230769231,0.5185185185185185,0.5,0.34710743801652894,0.581081081081081,0.4628652280167431,0.44342681147673857,0.17005545286506468,0.3815625,0.5613577023498695,0.09850919783902072,0.7817821240511523,0.4401456609450865,0.43819619116061803,0.6659586853901014,0.3891295557317722,0.49013089280769295,0.6874437414818194,0.39002250224592805,0.4968780448519525,0.8539413343934064,0.9106963677681267,0.8651241367893427,0.9066913596027515,0.9353853343389972,0.8762077462192183,-3.7375441524480593,0.4635628068584506,0.1874492832025967,0.2273530153923795,0.6226729832521518,0.5872792761135026,0.6441913439635535,0.5124309392265194,0.5542484688051489,-0.0117,0.0036,0.0283,-0.0049,0.1219,-0.0009,0.0085,0.1219,2.451410643897444,0.5515376758516517,0.454508405501783,0.46246948738812044,0.6544117647058824,0.49716273110012815,0.42146920603512245,0.6750902527075813,0.6697247706422018,0.5774647887323944,0.3066275167785235,0.6407752403846154,0.5446589446589447,0.5172413793103449,0.5869082840236687,0.6222961730449251,0.8522613065326633,0.7562584901998836,0.23963133640552994,0.6913789451387418,0.5090337784760408,0.1336,0.9796215429403202,0.6956172487312693,0.8046789989118607,0.6666666666666666,0.3077660594439118,0.5081855388813097,0.9541479694677168,0.19623307044690697,0.42446808510638295,0.6208333333333333,0.6350418029807342,0.4388583398795496,0.7124183006535948,0.7448414695520885,0.34804471434649753,0.6416837782340863,0.130635838150289,0.32279344858962694,0.336109008327025,0.15555555555555556,0.0,0.005434144295302014,0.3775587566338135,0.628460466042621,0.5733788395904437,0.6262640649480131,0.28151774785801714,0.7734806629834254,0.6695362100505757,0.8376146788990826,0.48214285714285715,0.92,0.5693069306930693,0.6678700361010831,0.5909090909090909,0.40384615384615385,0.9243252380952381,33.33333333333334,53.84615384615385,66.66666666666667,61.11111111111111,64.15094339622641,75.92592592592592,59.166666666666664,17.07317073170732,44.230769230769226,61.904761904761905,44.44444444444444,43.39622641509434,61.11111111111111,44.76987447698745,16.666666666666657,15.384615384615387,28.57142857142857,33.33333333333334,22.641509433962256,24.074074074074076,21.66666666666667,65.85365853658536,76.92307692307692,85.71428571428572,94.44444444444444,90.56603773584905,92.5925925925926,83.68200836820084,1.0,0.9066666666666666,80.44998276265434,0.043656207366984945,0.5800000000000001,83.79132473282996,0.3726315789473684,0.8126315789473684,0.48456375838926175,0.5566089720946661,0.5331111111111111,0.6666666666666666,0.4746666666666667,0.458,0.41982864137086906,0.9204406364749081,0.3864273418737987,4.877358490566038,7000000000.0,,Mistral 7B v0.1,base
Llama-2-13b-hf,17.420437725359836,9.358666666666666,167.704,96.60392211537882,100.71703996607513,101.89058138050828,105.47947852500037,105.98809204403585,103.30271895684128,109.02341322310963,109.02341322310963,90.00525295652348,94.54129253449285,90.74966000178829,101.44478482829155,89.5241704064335,95.66040854664092,124.6421773483812,105.80443546875176,82.27514663589247,98.42086422765955,107.89628917177996,101.9166714823859,92.66267062585985,98.03775327492743,750.0,30.0,0.35802469135802467,0.4230769230769231,0.6666666666666666,0.5067567567567568,0.4462809917355372,0.5,0.4834676715989847,0.4961501053655374,0.17744916820702403,0.383125,0.4761173398863462,0.09331190590166176,0.7529234767147645,0.4231176913082131,0.45448556713378846,0.6374839530345623,0.3114319174034972,0.4062238160383427,0.6696275582845508,0.31150638153134136,0.41456860611222646,0.8452217515179381,0.9056829304372986,0.8661823308166346,0.9185652604639982,0.7000307051743103,0.8857534815076094,-3.8169103837397103,0.45351255669682883,0.22071950229916149,0.20792329043653798,0.6250750650563822,0.454186066941931,0.5539863325740318,0.6591850828729282,0.5697649434236479,0.0678,0.0734,0.0177,0.0133,-0.091,0.016,-0.0185,0.0734,4.8830319645054425,0.5842317498359703,0.43178807947019865,0.46094385679414157,0.6862745098039216,0.4953322350356947,0.4901805589908484,0.6534296028880866,0.8784403669724771,0.5774647887323944,0.28145973154362414,0.6093249198717948,0.6553410553410554,0.6301446051167965,0.7067307692307693,0.5101913477537438,0.6012060301507538,0.7675140694740927,0.2626728110599078,0.4277695403516204,0.42812254516889237,0.0602,1.0,0.5980526110327017,0.7905331882480957,0.5347619047619048,0.30824544582933844,0.5668485675306958,1.2216319385593866,0.2385278360121127,0.4297872340425532,0.6319444444444444,0.7266448564158487,0.5603561141660119,0.8300653594771242,0.8119443046468714,0.3738831083433257,0.6696326716860598,0.2119460500963391,0.25773430391264784,0.24224072672218017,0.14444444444444443,0.0,0.004879404362416108,0.2312357846853677,0.6187014538936467,0.5520477815699659,0.5493519441674976,0.2594859241126071,0.7616416732438832,0.6527493812547078,0.8061162079510703,0.35714285714285715,0.91,0.5717821782178217,0.6498194945848376,0.5031347962382445,0.4423076923076923,0.925467619047619,64.28571428571428,59.61538461538461,57.142857142857146,83.33333333333334,67.9245283018868,79.62962962962963,68.33333333333334,56.09756097560975,76.92307692307692,61.904761904761905,83.33333333333334,73.58490566037736,79.62962962962963,72.38493723849372,28.57142857142857,44.230769230769226,42.85714285714286,33.33333333333334,32.075471698113205,38.888888888888886,36.66666666666667,82.92682926829268,88.46153846153847,80.95238095238095,100.0,92.45283018867924,98.14814814814815,90.7949790794979,1.0,0.988,92.31081059834794,0.031957390146471365,0.678714859437751,90.30715367323447,0.42105263157894735,0.7157894736842105,0.4442953020134228,0.5270458024255269,0.5832222222222222,0.7326666666666667,0.549,0.468,0.3329253365973072,0.9877600979192166,0.3288503630771443,2.2875,13000000000.0,1.6e+23,Llama 2 13B,base
Qwen1.5-72B,18.349036089599426,9.602179836512262,165.40463215258856,99.44054082994933,97.3079123877673,101.67104812075372,98.9269742949252,101.89406541730786,100.97001665038106,101.90353826757884,101.90353826757884,99.40950816195459,94.06024427113061,98.45254423381847,94.17017877019865,99.06885789518027,92.3022378318886,113.09302372856077,97.74748966763767,86.52923564476846,99.02524747764824,99.09476868179094,97.08572613146771,99.88474815635404,98.53295718584229,734.0,30.0,0.5308641975308642,0.6666666666666666,0.8271604938271605,0.6418918918918919,0.6611570247933884,0.6621621621621622,0.6649837394786889,0.40748095315286104,0.2587800369685767,0.53375,0.3073260635847028,0.13277029337345278,0.9024140053340628,0.5175921493537577,0.21173194394538267,0.6743992150213795,0.5308180451848892,0.6545232452415273,0.7041218922202936,0.5419005337123142,0.6663495882809289,0.8334664662597412,0.8745327910051319,0.8274617691247346,0.9220146501521178,0.9550283765032554,0.8369347363866833,-4.393778116843781,0.48539911881827263,0.26778469028942387,0.26924047438808985,0.4830186161339828,0.5090925063691469,0.6168564920273348,0.7664019337016574,0.7295023006851449,0.0505,0.0635,0.1482,0.0753,0.2251,0.0441,-0.139,0.2251,51.05015562105439,0.7445504470397064,0.5943963321446765,0.5950976403580146,0.803921568627451,0.7104155226066264,0.7580262181548355,0.740072202166065,0.9094036697247706,0.8450704225352113,0.33305369127516776,0.723808092948718,0.6154440154440154,0.6298665183537263,0.728180473372781,0.6651414309484193,0.9306532663316583,0.755288181641762,0.3225806451612903,0.651662783308621,0.6575019638648861,0.3866,0.9956331877729258,0.6345304945797423,0.8133841131664853,0.8304761904761905,0.39453499520613616,0.6712141882673943,1.7674645043895905,0.08898206382483109,0.6436170212765957,0.625,0.4783715012722647,0.2786069651741294,0.5424836601307189,0.5931890622378795,0.5798,0.6984,0.5783,0.4611,0.4784,0.2081,0.0,0.004650796979865771,0.6815769522365428,0.6670981876120294,0.6322525597269625,0.7714000854579119,0.412484700122399,0.8310970797158642,0.48584956418809855,0.8874617737003058,0.8392857142857143,0.87,0.1771864686468647,0.740072202166065,0.5062695924764891,0.8846153846153846,0.929627619047619,61.904761904761905,55.769230769230774,90.47619047619048,77.77777777777777,71.69811320754717,68.51851851851852,67.91666666666666,53.65853658536585,36.53846153846154,57.142857142857146,44.44444444444444,50.943396226415096,57.407407407407405,49.7907949790795,19.04761904761905,21.15384615384616,42.85714285714286,50.0,15.094339622641513,5.555555555555557,20.0,14.63414634146342,25.0,42.85714285714286,61.11111111111111,30.188679245283026,59.25925925925926,36.40167364016737,0.7504681778148612,0.9453333333333334,72.32194515035513,0.24609375,0.6935483870967742,70.48125282275572,0.4631578947368421,0.8863157894736842,0.4442953020134228,0.597922995407983,0.7431111111111111,0.792,0.76,0.6773333333333333,0.8824969400244798,0.2423500611995104,0.21387318742331335,7.034375,72000000000.0,8.93e+23,Qwen 1.5 72B,base
Qwen1.5-14B,17.894101809253193,9.506666666666666,166.90933333333334,97.87478007636486,99.7435684619881,101.12983135313374,101.35960713495749,101.47290609540109,101.1968261398278,101.87124295493567,101.87124295493567,98.17291902456893,94.38766529764406,98.16202548107889,102.1934369051839,97.46942234537673,95.49477644128086,131.8878377146891,101.00873005864935,83.58860708306334,105.5516731703155,96.88579565905611,97.14871559410791,96.40762267408047,99.1920969599362,750.0,30.0,0.5246913580246914,0.6794871794871795,0.8765432098765432,0.6959459459459459,0.6033057851239669,0.6824324324324325,0.6770676518151265,0.4030637056248987,0.22365988909426987,0.49375,0.4731992013515589,0.10220201053135472,0.8276687410244136,0.46493537577788413,0.29476584022038566,0.6352386228957503,0.3997836583885256,0.5568750243864545,0.6733029056930739,0.4083855337031115,0.566640186420536,0.8456432916902572,0.8785645552085498,0.8399282709201408,0.9266665486604043,0.9119133133187536,0.8438177264849578,-4.740699660017437,0.5343606346585608,0.38842304571274006,0.35175372192783244,0.6545672916527657,0.5140121233418256,0.5339407744874716,0.7634668508287292,0.6899412306654209,0.0406,0.0607,0.0882,0.013,0.1096,0.0365,-0.0259,0.1096,38.328728413393414,0.7333923208744894,0.5988792664289353,0.5900122050447518,0.8063725490196079,0.6598938312282628,0.7767746722730645,0.7906137184115524,0.9403669724770642,0.704225352112676,0.3087248322147651,0.6997195512820513,0.6481338481338481,0.592602892102336,0.6819526627218935,0.6100249584026622,0.9137688442211055,0.7191927032796429,0.35176651305683565,0.4469392077949587,0.5412411626080126,0.3004,0.9970887918486172,0.6607083871355215,0.7965179542981502,0.7823809523809524,0.362895493767977,0.5061391541609823,2.423060489575236,0.09477222055838408,0.5712765957446808,0.6041666666666666,0.5965103598691385,0.3875360041895785,0.6830065359477123,0.7126321087065929,0.5599736974432368,0.7107004334930414,0.5369942196531792,0.445859872611465,0.41786525359576077,0.16262626262626262,0.0,0.0035255872483221495,0.6846095526914329,0.6116311491734714,0.5264505119453925,0.6782509614015098,0.3574051407588739,0.7474348855564326,0.5462175831270849,0.8562691131498471,0.8571428571428571,0.91,0.29723597359735976,0.7870036101083032,0.6175548589341693,0.8076923076923077,0.9022604761904762,42.85714285714286,65.38461538461539,90.47619047619048,94.44444444444444,83.01886792452831,75.92592592592592,72.08333333333333,41.463414634146346,48.07692307692307,71.42857142857143,66.66666666666667,62.264150943396224,53.7037037037037,54.81171548117155,14.285714285714292,11.538461538461547,33.33333333333334,22.222222222222214,3.773584905660371,7.407407407407405,12.083333333333329,41.463414634146346,71.15384615384616,80.95238095238095,83.33333333333334,77.35849056603773,66.66666666666667,68.20083682008368,0.7507745726495727,0.9893333333333333,72.36319542992658,0.11688311688311692,0.6265060240963856,82.39063261239319,0.3263157894736842,0.7936842105263158,0.3624161073825503,0.4941387024608501,0.5395555555555556,0.7143333333333334,0.469,0.43533333333333335,0.769889840881273,0.41003671970624234,0.315683104890118,6.7625,14000000000.0,2.02e+23,Qwen 1.5 14B,base
Yi-9B,18.280947709116433,9.578666666666667,168.87066666666666,102.96336355415757,103.33861894284976,103.02768990850961,107.68868332347922,106.39130519252687,104.48718805774864,108.74343630456426,108.74343630456426,86.74810323246818,90.81273155647061,85.92814248009141,104.8648107389439,91.05368901138536,91.96222477600827,196.42460292342034,105.61364319732347,78.4086426615688,96.70088271992437,119.53222671668306,103.36856847541586,88.67011269725838,97.47940595574605,750.0,30.0,0.4074074074074074,0.6666666666666666,0.7654320987654321,0.5405405405405406,0.4793388429752066,0.6824324324324325,0.590302998131281,0.42494731723131784,0.2144177449168207,0.4825,0.6284748886499769,0.10271490118306777,0.8571770498529714,0.47994597551801954,0.39322074499940113,0.6248755100119041,0.40774360087205797,0.5873267186926885,0.6574964379624471,0.4167600041113636,0.5906484013152258,0.8592491182178731,0.9066500079383956,0.8506859801504627,0.9094651311994533,0.9537078298977255,0.8495537181670966,-5.109479284314933,0.5666357469200075,0.4647011090073032,0.4138279081503911,0.6378861680122773,0.5098831590968989,0.5694760820045558,0.8040400552486188,0.675139221945396,0.039,0.0625,0.0937,0.044,0.0973,0.0127,-0.0173,0.0973,32.85536953238947,0.6510068183398561,0.46571574121243,0.45545158665581775,0.6862745098039216,0.5418268350723046,0.7306455602275538,0.7292418772563177,0.9369266055045872,0.6619718309859155,0.3452181208053691,0.5474759615384616,0.6193050193050194,0.5809232480533927,0.5869082840236687,0.5509567387687188,0.44241206030150754,0.685814088880264,0.261136712749616,0.40277483583986445,0.5341712490180676,0.1844,1.0,0.6047040629410528,0.7829162132752993,0.7747619047619048,0.3326941514860978,0.5115961800818554,0.8984296962592644,0.14086053708695223,0.7446808510638298,0.6458333333333334,0.5808796801163214,0.4032469232783451,0.6535947712418301,0.6797517195101493,0.6060805322399722,0.73077800593201,0.6332369942196532,0.42174704276615105,0.5541256623769871,0.10505050505050505,0.010906040268456376,0.053208892617449856,0.4927975739196361,0.589523999203346,0.568259385665529,0.6817404928072924,0.2802937576499388,0.7655880031570639,0.5324437748843215,0.8550458715596331,0.5357142857142857,0.87,0.3009488448844885,0.7292418772563177,0.5031347962382445,0.5096153846153846,0.9085709523809524,30.95238095238095,38.46153846153846,76.19047619047619,83.33333333333334,50.943396226415096,74.07407407407408,54.583333333333336,34.14634146341463,55.769230769230774,57.142857142857146,72.22222222222223,56.60377358490566,66.66666666666667,56.06694560669456,19.04761904761905,19.230769230769226,28.57142857142857,55.55555555555556,20.754716981132077,16.666666666666657,22.5,48.78048780487805,67.3076923076923,85.71428571428572,100.0,66.0377358490566,85.18518518518519,71.96652719665272,1.0,0.9773333333333334,78.75732028831038,0.027272727272727226,0.6932270916334662,88.06733734152166,0.21473684210526317,0.5094736842105263,0.2214765100671141,0.3152290121276345,0.4928888888888889,0.5916666666666667,0.414,0.473,0.4908200734394125,0.8947368421052632,0.43915480255105327,5.090625,9000000000.0,1.51e+23,Yi 9B,base
falcon-40b,17.123751471104427,9.282666666666668,167.32533333333333,94.67666731417314,100.92325999856148,102.81461881671959,102.42608250920821,105.68270395217581,103.24072068953151,107.38593319888922,107.38593319888922,92.39718950651687,90.54704913895576,92.60011170200023,100.49262909779458,90.40562722017887,90.86698582691956,147.4963871108793,105.18516533228447,86.41910104254207,101.25975399224502,108.0083860926562,102.25532878681307,95.97425677455007,98.00204846851997,750.0,30.0,0.43209876543209874,0.3717948717948718,0.6419753086419753,0.5135135135135135,0.45454545454545453,0.5202702702702703,0.48903303069969734,0.4926649375911817,0.19593345656192238,0.371875,0.41084318845031487,0.07245435273199753,0.7622922792860563,0.4173733160090269,0.4115163492633848,0.6891232625628803,0.29757271217298675,0.4332712162826726,0.7043410553596066,0.31115228147671314,0.4397417087567971,0.8439435554112145,0.8890742368444519,0.8558960149335016,0.9011127256783686,0.9014748379552051,0.8783547241171464,-3.8480172927847347,0.49424307316625943,0.22450635650527453,0.22987635629573555,0.6216053913391606,0.5924624439954318,0.5608200455580865,0.7361878453038674,0.5022071031869615,-0.0282,0.0334,0.0065,0.0433,-0.0354,0.0145,-0.0147,0.0334,0.0,0.5394573103584361,0.45552725420275086,0.46328315703824247,0.6838235294117647,0.49514918542925135,0.37999010635666586,0.6606498194945848,0.5997706422018348,0.5774647887323944,0.28481543624161076,0.7035256410256411,0.6270270270270271,0.632091212458287,0.6775147928994083,0.6497504159733777,0.8810050251256282,0.7712012419949544,0.2534562211981567,0.3549036221139589,0.40926944226237233,0.0658,0.9956331877729258,0.6222711029698808,0.8226332970620239,0.5504761904761905,0.3029721955896453,0.568212824010914,1.1340114230202452,0.3049149778709527,0.4297872340425532,0.6166666666666667,0.712831697564522,0.5394082220476565,0.8071895424836603,0.8045629927864452,0.36823579468533635,0.5889801505817933,0.23747591522157996,0.3089171974522293,0.3194549583648751,0.11313131313131314,0.0,0.005563129194630876,0.22896133434420016,0.6563433578968333,0.5784982935153583,0.5599629682381427,0.2729498164014688,0.8129439621152328,0.6584525987302271,0.8201834862385321,0.7142857142857143,0.91,0.5703382838283828,0.6570397111913358,0.4952978056426332,0.41346153846153844,0.9271076190476191,40.476190476190474,61.53846153846153,57.142857142857146,55.55555555555556,52.83018867924528,64.81481481481481,55.833333333333336,70.73170731707317,88.46153846153847,85.71428571428572,77.77777777777777,83.01886792452831,72.22222222222223,79.4979079497908,26.19047619047619,40.38461538461539,52.38095238095239,50.0,41.509433962264154,40.74074074074075,40.0,58.53658536585366,71.15384615384616,71.42857142857143,66.66666666666667,62.264150943396224,74.07407407407408,67.36401673640168,1.0,0.976,93.50310842770261,0.012658227848101222,0.6666666666666667,90.76505827400752,0.42526315789473684,0.7663157894736842,0.5248322147651007,0.5721370540445072,0.5287777777777778,0.6213333333333333,0.47,0.495,0.49571603427172584,0.8653610771113831,0.42897336135876396,2.95625,40000000000.0,2.4e+23,Falcon 40B,base
Meta-Llama-3-70B,18.21888219404743,9.56675749318801,166.33514986376022,99.93680885999883,102.04054809403128,101.67670059872708,103.19369759667819,103.69574973342077,102.63422677811836,105.09911491327239,105.09911491327239,89.39794457322444,91.11838606749527,88.9033740509303,100.30591558127956,88.25465313903469,94.41194209998201,149.0725233135786,105.7673720229067,80.04939279870186,97.72085325030618,104.17748009362076,102.38894249767938,85.61465527430306,97.23787336767013,734.0,30.0,0.42592592592592593,0.4230769230769231,0.7901234567901234,0.5540540540540541,0.4380165289256198,0.581081081081081,0.535379661642288,0.38109904360512237,0.10720887245841035,0.4640625,0.8270618952541853,0.0880120358339602,0.8788210353552622,0.48341653559461123,0.3765720445562343,0.6939524563690997,0.676437881615247,0.665665607810726,0.7154743868937935,0.688993729710458,0.6838361475537036,0.8524719228670559,0.7433104839222756,0.7876734406170471,0.9164017106667873,0.7665881236988932,0.8222271322882365,-4.00161915132526,0.515186508469957,0.3102515553151204,0.31844562200353266,0.6139320744645359,0.581217605200738,0.6569476082004556,0.6103245856353591,0.7012637509083359,0.0115,0.013,-0.0089,0.0301,-0.031,0.018,-0.0304,0.018,2.6655724638682763,0.6324068494610423,0.49801324503311256,0.49755899104963386,0.6691176470588235,0.5306608090792605,0.6588919119465744,0.6859205776173285,0.786697247706422,0.7323943661971831,0.3976510067114094,0.7272135416666666,0.687001287001287,0.6245828698553949,0.7200443786982249,0.6283277870216306,0.9322613065326634,0.7933242771201242,0.3978494623655914,0.4935395043423004,0.7847604084838963,0.3688,1.0,0.5785411849494009,0.823721436343852,0.8133333333333334,0.4012464046021093,0.597544338335607,1.2513108196567562,0.1709094539283219,0.4372340425531915,0.6555555555555556,0.49109414758269726,0.2817491489918827,0.5261437908496732,0.6180171112229491,0.6523420879588442,0.7557608943645905,0.6979768786127167,0.49954504094631486,0.45041635124905377,0.20606060606060606,0.0,0.005411073825503364,0.8127369219105383,0.6955785700059749,0.6535836177474402,0.7543085030622418,0.3011015911872705,0.8524072612470402,0.6744861723878188,0.8516819571865444,0.5357142857142857,0.94,0.5703382838283828,0.6895306859205776,0.5047021943573667,0.7788461538461539,0.9426609523809529,26.19047619047619,51.92307692307692,71.42857142857143,44.44444444444444,41.509433962264154,50.0,45.833333333333336,34.14634146341463,34.61538461538461,38.095238095238095,44.44444444444444,45.28301886792453,48.14814814814815,41.004184100418406,19.04761904761905,21.15384615384616,23.80952380952381,44.44444444444444,13.20754716981132,14.81481481481481,19.58333333333333,36.58536585365854,40.38461538461539,52.38095238095239,61.11111111111111,30.188679245283026,66.66666666666667,46.02510460251046,1.0,1.0,83.88779561327738,0.011306532663316604,0.5622489959839357,75.7438087073468,0.40421052631578946,0.888421052631579,0.4348993288590604,0.5758436359354762,0.618,0.754,0.5583333333333333,0.5416666666666666,0.4467564259485924,0.9767441860465116,0.4363667416242065,5.890625,70000000000.0,6.3e+24,Meta Llama 3 70B,base
falcon-7b,16.852150296036456,9.342666666666666,166.872,92.56959434536392,99.73593982357214,101.74277518935271,103.03545035674014,103.77332710523976,102.07776586092768,105.23375635279847,105.23375635279847,93.7529104420328,90.78948958159616,93.43959036056715,97.25544759929039,89.312278457778,91.46140209362461,126.31407221585053,102.84061878210616,84.35905501166796,97.28864636375464,110.61334883388587,103.73338661416412,99.66971515159663,97.15788141951465,750.0,30.0,0.35185185185185186,0.34615384615384615,0.4567901234567901,0.5067567567567568,0.371900826446281,0.47297297297297297,0.4177377296064164,0.4978116388393581,0.12384473197781885,0.3528125,0.27660881585009983,0.07286466525336799,0.6034671408055803,0.33816590302947414,0.4359803569289735,0.6502589483189521,0.24605659849848105,0.2386982957966518,0.6694724199440673,0.25101615320736836,0.25135354204630334,0.8552098107957606,0.7857280105215326,0.778716755853571,0.8964090332592044,0.9870204225639038,0.9065497443694172,-3.655784138342278,0.4253985537957293,0.22477684609142548,0.22785768357305072,0.6263428304530593,0.5616269876131073,0.5749430523917995,0.3368439226519337,0.4967213264299804,0.0222,0.0016,0.0053,-0.0049,0.063,0.0104,-0.0065,0.063,6.402869065050935,0.49493449540323514,0.39072847682119205,0.4013425549227014,0.6544117647058824,0.5021050704740985,0.4179569626514964,0.6209386281588448,0.49311926605504586,0.4788732394366197,0.25293624161073824,0.5839342948717948,0.5876447876447877,0.5164071190211346,0.5288461538461539,0.5607321131447587,0.6822110552763819,0.7450029109256744,0.21658986175115208,0.35225587799195085,0.2812254516889238,0.0228,1.0,0.5906354163538633,0.7965179542981502,0.3757142857142857,0.2694151486097795,0.5347885402455662,1.085476204125981,0.4483045489334797,0.41808510638297874,0.5888888888888889,0.9796437659033078,0.9772191673212882,0.9901960784313726,0.9790303640328805,0.2363748887943372,0.35843029888204425,0.15703275529865124,0.21724294813466788,0.2036336109008327,0.11616161616161616,0.0,0.006295092281879202,0.043214556482183475,0.5821549492133041,0.4274744027303754,0.27054550633812846,0.22276621787025705,0.7142857142857143,0.6267082750457333,0.7379204892966361,0.35714285714285715,0.89,0.5717821782178217,0.628158844765343,0.49843260188087773,0.36538461538461536,0.903344761904762,61.904761904761905,78.84615384615384,71.42857142857143,83.33333333333334,66.0377358490566,81.48148148148148,73.33333333333333,73.17073170731707,90.38461538461539,71.42857142857143,83.33333333333334,88.67924528301887,83.33333333333334,83.26359832635984,50.0,73.07692307692308,66.66666666666667,72.22222222222223,62.264150943396224,62.96296296296296,63.75,70.73170731707317,84.61538461538461,85.71428571428572,77.77777777777777,81.13207547169812,87.03703703703704,81.58995815899581,1.0,0.9986666666666667,97.24868788222734,0.023771790808240878,0.717741935483871,94.67537518493984,0.18736842105263157,0.4694736842105263,0.2791946308724832,0.312012245378547,0.471,0.42866666666666664,0.48433333333333334,0.5,0.2521419828641371,0.9681762545899633,0.24411788059428693,1.9875,7000000000.0,6.3e+22,Falcon 7B,base
Meta-Llama-3-8B,17.396755531801254,9.48,167.95333333333335,96.76132113940962,101.95648931848636,101.96434987730812,103.75536605096372,104.40987036146336,103.16929677787256,105.2518171089562,105.2518171089562,96.78909101918744,97.69149348992315,98.42794483578398,100.15076202840935,97.53356991861159,98.25016915518908,125.52683967451392,102.69007292452523,75.83139557752251,94.91494700923751,105.84971365804685,102.56773867065704,98.60188387868541,99.7928193441234,750.0,30.0,0.42592592592592593,0.48717948717948717,0.5308641975308642,0.5067567567567568,0.33884297520661155,0.49324324324324326,0.4638020976404815,0.4910439293240395,0.10720887245841035,0.3528125,0.6204884042389802,0.08076318128974902,0.779217670792587,0.42999042604116805,0.424931129476584,0.6446282776776167,0.43849717156694756,0.532192135655579,0.6755398213981383,0.4756035641163827,0.5371185019747697,0.8537508946821958,0.8468406958546205,0.856826649380209,0.9150689105210388,0.973033488419843,0.8652310139761665,-3.739379846417058,0.43504900173198086,0.19529348120097376,0.2260913449407015,0.6272769733769267,0.552578406395502,0.6287015945330297,0.3803522099447514,0.5154959527146269,-0.0182,-0.0038,0.001,0.0208,-0.0435,0.0153,-0.0092,0.0153,8.364862323874382,0.5599637271166097,0.4772287315333673,0.4900325467860049,0.6691176470588235,0.49917627677100496,0.4677219886223102,0.6787003610108303,0.676605504587156,0.5211267605633803,0.2990771812080537,0.5660056089743589,0.5585585585585585,0.4972191323692992,0.5070266272189349,0.6075291181364393,0.6134673366834171,0.7572287987580051,0.2764976958525346,0.6670196992162677,0.5970149253731343,0.1488,0.9970887918486172,0.6805576409116844,0.7959738846572362,0.660952380952381,0.35570469798657717,0.5804911323328786,1.3212326805404457,0.17270639912149344,0.42872340425531913,0.6083333333333333,0.6063249727371866,0.38439382037182507,0.630718954248366,0.7434994128501929,0.4932116195412525,0.7166324435318275,0.4052986512524085,0.36237488626023656,0.38152914458743376,0.16666666666666666,0.0,0.004589974832214764,0.5072024260803639,0.6169089822744473,0.5580204778156996,0.651759008688221,0.2717258261933905,0.7687450670876085,0.6584525987302271,0.8097859327217125,0.5178571428571429,0.89,0.5719884488448845,0.6787003610108303,0.5078369905956113,0.6538461538461539,0.9231628571428572,33.33333333333334,61.53846153846153,66.66666666666667,88.88888888888889,49.056603773584904,77.77777777777777,60.0,53.65853658536585,71.15384615384616,76.19047619047619,72.22222222222223,77.35849056603773,79.62962962962963,71.96652719665272,21.42857142857143,26.923076923076934,42.85714285714286,38.888888888888886,18.867924528301884,33.33333333333334,27.91666666666667,60.97560975609756,78.84615384615384,90.47619047619048,94.44444444444444,71.69811320754717,81.48148148148148,76.98744769874477,1.0,0.984,95.4529830716245,0.009210526315789447,0.6411290322580645,84.54512770666155,0.42526315789473684,0.8189473684210526,0.4657718120805369,0.5699941127987754,0.52,0.6883333333333334,0.376,0.49566666666666664,0.4259485924112607,0.8861689106487148,0.3774624001294403,4.46875,8000000000.0,7.2e+23,Meta Llama 3 8B,base
Qwen1.5-0.5B,17.487586649620027,9.448,168.88266666666667,96.77308403643836,102.9792185396294,102.62238279247292,104.20147823851623,104.93866559484337,103.47390036657313,106.55523047919174,106.55523047919174,94.43111956287387,96.95528132431876,96.28412696137306,100.0580163310554,90.94091003382499,97.90798896530028,126.61146098406186,105.24568936351466,79.2412457818876,95.50913071464065,110.5192393159457,100.44367166926033,95.77075665864703,99.60821055888557,750.0,30.0,0.3765432098765432,0.5897435897435898,0.4444444444444444,0.5878378378378378,0.256198347107438,0.4864864864864865,0.4568756525827233,0.4082509320797536,0.11645101663585952,0.3196875,0.0772538780525265,0.11006633385762156,0.5008206250427409,0.30544347945018124,0.42963229129237035,0.4772371645300696,0.2307005832033362,0.2934544214779561,0.5534237424980037,0.2586884381051897,0.30145126961400237,0.8187282061221371,0.7381560695456432,0.8130539319009704,0.8803842875011556,0.9472857300142825,0.8295458410328471,-3.717527998012663,0.3542411158594574,0.16743305382742765,0.20817562452687358,0.46420230866751183,0.4132478257049987,0.5890660592255126,0.2833218232044199,0.5420733117927955,-0.0019,-0.0016,0.0091,-0.0381,0.0748,0.0103,-0.0088,0.0748,-3.7541853614362704,0.520092009792059,0.3920529801324503,0.36838893409275836,0.6838235294117647,0.5432912319238513,0.631659658669305,0.628158844765343,0.4908256880733945,0.4225352112676056,0.25293624161073824,0.4443609775641026,0.4651222651222651,0.506952169076752,0.5151627218934911,0.49625623960066556,0.2942713567839196,0.48496021734911704,0.23348694316436253,0.3465367506884135,0.3071484681853888,0.0146,0.9374090247452693,0.5186105522356687,0.6947769314472253,0.5623809523809524,0.2588686481303931,0.5115961800818554,1.9369052006259309,0.3488735815779841,0.4053191489361702,0.5625,0.8240639767357324,0.6776643100288032,0.8986928104575164,0.9025331320248281,0.30909372219858433,0.5021674652064796,0.1964354527938343,0.25773430391264784,0.21801665404996215,0.1303030303030303,0.0,0.013909395973154388,0.17892342683851403,0.38348934475204144,0.2841296928327645,0.3847030337558752,0.2350061199510404,0.5832675611681136,0.5442806413429463,0.5003058103975535,0.42857142857142855,0.75,0.5719884488448845,0.6245487364620939,0.49843260188087773,0.5673076923076923,0.7851661904761905,54.76190476190476,59.61538461538461,90.47619047619048,72.22222222222223,58.490566037735846,64.81481481481481,63.333333333333336,43.90243902439024,69.23076923076923,100.0,88.88888888888889,69.81132075471697,57.407407407407405,66.52719665271967,33.33333333333334,44.230769230769226,71.42857142857143,55.55555555555556,56.60377358490566,38.888888888888886,47.083333333333336,70.73170731707317,78.84615384615384,100.0,94.44444444444444,90.56603773584905,77.77777777777777,82.84518828451883,1.0,0.9946666666666667,90.09098042161295,0.04123711340206182,0.648,94.22996552328334,0.21052631578947367,0.47368421052631576,0.3288590604026846,0.3376898622394913,0.49433333333333335,0.4836666666666667,0.491,0.5083333333333333,0.2741738066095471,0.9228886168910648,0.2530318851696432,2.9,500000000.0,7.2e+21,Qwen 1.5 0.5B,base
dbrx-base,17.864635235963835,8.5801393728223,172.58188153310104,92.9852224964292,97.26078045034805,100.56191547291361,104.35456127108549,100.37026705480227,100.8343446278328,102.0912908114599,102.0912908114599,99.5249036853109,99.15787474271572,99.10653056600299,101.56899639921429,103.64650817597523,99.14165079719974,84.76836944355428,102.70009718621284,91.12395199710441,94.38829060631508,99.15804989418282,93.71524127094959,96.01061863699765,100.48061678088295,574.0,27.0,0.5061728395061729,0.7051282051282052,0.8271604938271605,0.7162162162162162,0.6859504132231405,0.7702702702702703,0.7018164063618609,0.3625384989463446,0.08133086876155268,0.629375,0.6768545538319767,0.09864596867947753,0.9029268959857758,0.5007864323326267,0.3267157743442328,0.7281430246793532,0.5715023441016562,0.6128101868395456,0.7367786960899794,0.5729104473985299,0.6248544348433409,0.892619187518906,0.9387573245022716,0.8243756962770992,0.8976582855622152,0.945252824819424,0.8248845318837977,-3.996571258199165,0.6073892845690344,0.4541520151474168,0.43199596265455464,0.5975178488022953,0.7520864446982342,0.5731207289293849,0.8354627071823204,0.7349807977784698,0.022,0.0284,0.0009,0.0023,0.1021,0.0165,0.0008,0.1021,41.322038857607055,0.730263524902923,0.5624044829342842,0.5429210740439382,0.8480392156862745,0.5506132161815852,0.8688350234974029,0.8014440433212996,0.9495412844036697,0.7183098591549296,0.3523489932885906,0.6555488782051282,0.676962676962677,0.4988876529477197,0.5085059171597633,0.5944259567387687,0.8910552763819095,0.687172520861634,0.3486943164362519,0.6294217326837535,0.6794972505891594,0.2946,0.9956331877729258,0.5929776883577069,0.8340587595212187,0.7076190476190476,0.39932885906040266,0.6534788540245566,0.8530582337254561,0.20708129513160956,0.4372340425531915,0.6486111111111111,0.4998182479098509,0.2859387274155538,0.6045751633986929,0.6153329978191578,0.49309557884964994,0.6475017111567419,0.4389210019267823,0.39717925386715197,0.45041635124905377,0.17676767676767677,0.15719379194630873,0.16915373322147642,0.730098559514784,0.7105158334993029,0.6245733788395904,0.7032474006551773,0.38922888616891066,0.7758484609313339,0.4925212525556871,0.9021406727828746,0.7321428571428571,0.94,0.17264851485148514,0.7978339350180506,0.5391849529780565,0.8653846153846154,0.9239885714285719,26.19047619047619,48.07692307692307,28.57142857142857,33.33333333333334,37.735849056603776,64.81481481481481,42.91666666666667,29.268292682926827,48.07692307692307,42.85714285714286,50.0,30.188679245283026,37.03703703703704,38.07531380753139,23.80952380952381,28.84615384615384,23.80952380952381,27.777777777777786,16.98113207547169,24.074074074074076,23.75,43.90243902439024,69.23076923076923,66.66666666666667,33.33333333333334,35.84905660377359,75.92592592592592,56.06694560669456,1.0,0.7893333333333333,84.78086025875112,0.00666666666666671,0.46799999999999997,89.45665525240959,0.26308724832214764,0.26308724832214764,0.26308724832214764,0.26308724832214764,0.7533333333333333,0.7923333333333333,0.7656666666666667,0.702,0.6964504283965728,0.8580171358629131,0.5975664018433262,5.396875,132000000000.0,9.5e+24,DBRX Base,base
deepseek-llm-67b-base,17.61054174187216,9.502673796791443,167.21791443850267,98.2422964718477,99.97762645289328,101.8621902323872,106.22466528147415,104.79463431159294,103.0204155424759,107.09856486415069,107.09856486415069,92.6930007016917,94.16923001753241,94.63311153748023,102.82914836174201,94.43422993271284,95.49428153793,129.99687407983748,105.16219250117864,80.03252193526991,112.51218845282273,113.04476311432997,102.69001620669401,96.76862082668747,99.14942778797217,748.0,30.0,0.47530864197530864,0.358974358974359,0.8024691358024691,0.5202702702702703,0.4793388429752066,0.5067567567567568,0.5238530011257284,0.3555276381909548,0.18299445471349354,0.4775,0.7233911841499002,0.08442180127196881,0.8541680913629214,0.4692949463174451,0.25541981075577913,0.6973350757228718,0.47800185967235775,0.6016279044333004,0.70814076727411,0.48205356235146113,0.6047605707094794,0.8413463355434035,0.8990320665241682,0.8302057601352407,0.9016964728220465,0.9710419648949321,0.8385380010376693,-3.8315268649042684,0.4545806515880933,0.23505545036516093,0.23088569265707798,0.6229398812303997,0.558376526399016,0.6031890660592255,0.47703729281767954,0.5856187934703624,0.0362,0.044,0.0553,0.0235,-0.0025,0.0085,-0.0061,0.0553,16.83120204778212,0.5979824948799677,0.49077941925624047,0.500406834825061,0.6764705882352942,0.5136371956800293,0.4383873361365323,0.6498194945848376,0.838302752293578,0.676056338028169,0.31921140939597314,0.6686698717948718,0.5176319176319176,0.6184649610678532,0.7888313609467456,0.514351081530782,0.9067336683417085,0.7741121676693189,0.3333333333333333,0.3877356492268587,0.605655930871956,0.18879999999999997,0.9985443959243085,0.6386970361250413,0.8215451577801959,0.741904761904762,0.34372003835091086,0.5129604365620737,1.11756099766194,0.14142624205517285,0.4372340425531915,0.6888888888888889,0.5743366048709561,0.38125163655407174,0.6176470588235294,0.6891461164234188,0.4173210072332031,0.6589094227697924,0.22784200385356454,0.42038216560509556,0.4549583648750946,0.201010101010101,0.0,0.004785025167785238,0.6050037907505686,0.6795459071898028,0.6194539249146758,0.7098703888334995,0.3623011015911873,0.8468823993685872,0.65899063811471,0.8501529051987767,0.7142857142857143,0.9,0.5332095709570958,0.6462093862815884,0.6191222570532915,0.5288461538461539,0.9356157142857142,23.80952380952381,28.84615384615384,47.61904761904761,33.33333333333334,20.754716981132077,48.14814814814815,32.5,24.390243902439025,40.38461538461539,33.33333333333334,38.888888888888886,35.84905660377359,44.44444444444444,36.82008368200837,7.142857142857139,17.307692307692307,19.04761904761905,16.666666666666657,13.20754716981132,12.962962962962962,13.75,26.829268292682926,55.769230769230774,52.38095238095239,55.55555555555556,24.52830188679245,66.66666666666667,46.02510460251046,1.0,0.98,72.25528588867407,0.013924050632911356,0.6414342629482072,79.96267732929297,0.5136842105263157,0.8084210526315789,0.4899328859060403,0.6040127163546449,0.7178888888888889,0.6263333333333333,0.78,0.7473333333333333,0.6695226438188494,0.8445532435740514,0.5654475204834836,5.946875,67000000000.0,8.04e+23,Deepseek LLM 67B Base,base
Qwen1.5-1.8B,17.529373086552425,9.514666666666667,167.576,95.10201792512196,103.26017703037303,102.16014352904104,106.14095462346684,105.25265698100435,103.53065151875565,107.39561295212555,107.39561295212555,94.3764697272045,95.90372731117581,98.65984977514582,104.32989605828672,94.70109045050228,98.10114437935573,121.35213094555489,104.09021204055536,85.21735825099665,100.82018220259366,107.41305204554088,101.11556475443776,103.85093661541627,99.9624833224755,750.0,30.0,0.4012345679012346,0.6666666666666666,0.4691358024691358,0.6283783783783784,0.2809917355371901,0.4864864864864865,0.4888156062398486,0.41550494407521477,0.14972273567467653,0.3359375,0.13362002764552297,0.07758325924912808,0.5666415920125829,0.3221124256308555,0.39480776140855195,0.5343169041931894,0.2324451094528086,0.3584925654917829,0.5995935713599772,0.27567999889326034,0.36451380237665587,0.8374158839250926,0.7533333421713032,0.846153144753604,0.9100301157028303,0.9228566830840401,0.863954962379901,-3.9795820899285514,0.4131512738949273,0.18122802272112523,0.2258390108503659,0.544672049109228,0.5106738118246508,0.6651480637813212,0.3513466850828729,0.5517754282155092,0.0929,0.1426,0.0654,0.0553,-0.0406,-0.0099,-0.003,0.1426,9.602189653923437,0.5186374550450482,0.3781966377992868,0.3723555736371033,0.6421568627450981,0.5458539264140582,0.6447440019787287,0.5415162454873647,0.6158256880733946,0.4084507042253521,0.28145973154362414,0.5973056891025641,0.5281853281853282,0.5100111234705228,0.5018491124260355,0.5368136439267887,0.8247236180904522,0.5775276537939065,0.25499231950844853,0.36083456894725696,0.3487824037706206,0.0906,0.9985443959243085,0.5245863487582956,0.7334058759521219,0.6285714285714286,0.2953020134228188,0.519781718963165,1.5785421255498355,0.2535689328142159,0.4340425531914894,0.5652777777777778,0.7651762995274446,0.6095836606441477,0.8529411764705882,0.8468377788961584,0.4133756237187174,0.6307323750855578,0.32716763005780347,0.2927661510464058,0.2717638152914459,0.11717171717171718,0.0,0.0290908137583893,0.3388931008339651,0.45887273451503685,0.35409556313993173,0.45698618430423016,0.25703794369645044,0.6211523283346487,0.5073711395674163,0.6651376146788991,0.5,0.78,0.39005775577557755,0.5451263537906137,0.512539184952978,0.625,0.8368304761904761,30.95238095238095,51.92307692307692,76.19047619047619,77.77777777777777,35.84905660377359,72.22222222222223,53.333333333333336,34.14634146341463,57.69230769230769,80.95238095238095,72.22222222222223,58.490566037735846,64.81481481481481,58.57740585774059,28.57142857142857,38.46153846153846,66.66666666666667,50.0,41.509433962264154,24.074074074074076,37.5,48.78048780487805,69.23076923076923,95.23809523809524,94.44444444444444,69.81132075471697,72.22222222222223,70.7112970711297,1.0,0.9933333333333333,81.35655760584518,0.03656998738965955,0.62,91.2459425455222,0.28,0.5305263157894737,0.3409395973154362,0.38382197103496996,0.4632222222222222,0.44733333333333336,0.43266666666666664,0.5096666666666667,0.26560587515299877,0.97796817625459,0.2597540933258825,4.175,1800000000.0,2.59e+22,Qwen 1.5 1.8B,base
Yi-6B,17.4533533767784,9.532,168.14133333333334,97.88345740537805,103.07845574331608,102.92082402728508,102.58933078716116,104.4735590415553,103.37345854302131,106.34970403463751,106.34970403463751,95.61531837761426,97.26155983810182,97.27512190408308,100.74747755698415,95.96728374936701,96.31477472630746,112.43882527178876,104.66175756695671,87.17072349760053,98.9984053812211,107.55907062462646,102.79335995081097,101.21261905402511,100.15073354578476,750.0,30.0,0.4506172839506173,0.4230769230769231,0.6296296296296297,0.6554054054054054,0.4462809917355372,0.6148648648648649,0.5366458497771629,0.47248338466526174,0.22181146025878004,0.41125,0.4458608508677622,0.08042125418860699,0.8177870478014088,0.4491041509950079,0.5316504970655168,0.613220142516258,0.37103699279194224,0.5036434170955055,0.6514417649258073,0.3762731229581938,0.5111131965360954,0.8377120968347913,0.9050518479955815,0.8671277687302671,0.9111237499273913,0.918635370689509,0.8829574536346273,-5.3314185099866185,0.4814051643356616,0.19529348120097376,0.21978299268231138,0.5442049776472944,0.5996661688482825,0.5972665148063782,0.7322168508287292,0.6395959592027406,0.0402,0.0486,0.0427,0.0389,-0.2035,0.0305,-0.0237,0.0486,2.622650320131086,0.6119200001305106,0.5258278145695364,0.5320382424735557,0.7475490196078431,0.5418268350723046,0.38268612416522385,0.6895306859205776,0.926605504587156,0.5492957746478874,0.30453020134228187,0.6553485576923077,0.5691119691119692,0.5948275862068966,0.5680473372781065,0.5648918469217971,0.9013065326633166,0.6768872501455463,0.27342549923195086,0.36867189154840074,0.49410840534171246,0.0762,0.982532751091703,0.6469250172667488,0.7758433079434167,0.7414285714285714,0.3058485139022052,0.5422919508867667,0.7626211341053424,0.25876010781671155,0.5680851063829787,0.5972222222222222,0.6706652126499456,0.4660905996334119,0.6993464052287582,0.7958396242241235,0.4593277375933161,0.7100159707962582,0.33516377649325624,0.3378070973612375,0.4110522331566995,0.14545454545454545,0.0,0.013256082214765125,0.3373768006065201,0.5669189404501095,0.5162116040955631,0.6321036889332003,0.2864137086903305,0.7458563535911602,0.6388679651350478,0.7507645259938838,0.6071428571428571,0.84,0.5717821782178217,0.6895306859205776,0.5313479623824452,0.5961538461538461,0.9067561904761904,47.61904761904761,73.07692307692308,76.19047619047619,83.33333333333334,75.47169811320755,75.92592592592592,70.83333333333333,56.09756097560975,67.3076923076923,80.95238095238095,88.88888888888889,77.35849056603773,77.77777777777777,72.80334728033473,19.04761904761905,46.15384615384615,47.61904761904761,38.888888888888886,33.9622641509434,24.074074074074076,33.33333333333334,65.85365853658536,90.38461538461539,100.0,100.0,98.11320754716981,94.44444444444444,90.3765690376569,0.8966666666666667,0.8933333333333333,83.61642216706491,0.0582655826558266,0.768,91.23775877292739,0.35157894736842105,0.6294736842105263,0.4912751677852349,0.4907759331213941,0.48188888888888887,0.47633333333333333,0.48633333333333334,0.483,0.3733170134638923,0.9694002447980417,0.361893604239171,2.3125,6000000000.0,1.08e+23,Yi 6B,base
Yi-34B,17.314030223638536,9.432,168.12666666666667,95.72352162093193,99.65015610201566,101.89264928708059,102.06417610930663,105.32752310391982,102.61187583286245,107.07884504059366,107.07884504059366,92.69151741748875,97.13407458692122,91.68353458213775,104.87813041483568,87.94751646985097,98.53077994502314,106.37257168379527,106.21661463241638,79.75352593481648,106.15598078860233,105.27808015667114,101.8000012192858,89.70091444337251,98.08736829392977,750.0,30.0,0.5185185185185185,0.41025641025641024,0.7283950617283951,0.6013513513513513,0.5371900826446281,0.7162162162162162,0.5853212734525867,0.4288377370724591,0.22920517560073936,0.5296875,0.6707111042850561,0.10319359912466662,0.9067222868084525,0.5049579429665595,0.36722960833632773,0.67738188187208,0.5384637056906789,0.6385865498144434,0.6982585559844967,0.5393663854103478,0.6450322830982329,0.8521267400933132,0.9131147608607372,0.8168851697466049,0.9102983716797561,0.9196118867039142,0.8316847528401523,-4.966883598514164,0.552666257959949,0.29943197186908305,0.29624022205399947,0.6327483819310069,0.6472810331195643,0.6164009111617312,0.8238950276243094,0.7202532155091873,-0.0414,0.0307,0.0689,0.0354,-0.0098,0.0211,-0.038,0.0689,33.97074448817583,0.6830055368452814,0.5483443708609271,0.5449552481692432,0.8112745098039216,0.5032033681127586,0.5257976749938165,0.7617328519855595,0.9518348623853211,0.8169014084507042,0.34018456375838924,0.7231570512820513,0.5675675675675675,0.6195773081201335,0.808801775147929,0.6703410981697171,0.9240201005025126,0.7325829613817194,0.4039938556067588,0.48951493327684814,0.6441476826394344,0.1842,1.0,0.5706960751929372,0.8133841131664853,0.8042857142857143,0.3815915627996165,0.529331514324693,1.10702372929529,0.12072809557086284,0.5851063829787234,0.6319444444444444,0.5597964376590331,0.3414506415291962,0.5816993464052288,0.6951853715819493,0.5802034580126098,0.7613506730549852,0.5714836223506744,0.3687443130118289,0.4753974261922786,0.14646464646464646,0.0,0.008135486577181212,0.6512509476876421,0.6554471220872337,0.6237201365187713,0.7593647628542942,0.40514075887392903,0.8303078137332282,0.6896588830302378,0.882262996941896,0.5535714285714286,0.94,0.5719884488448845,0.7617328519855595,0.5470219435736677,0.6346153846153846,0.9295823809523814,40.476190476190474,67.3076923076923,38.095238095238095,83.33333333333334,49.056603773584904,77.77777777777777,59.583333333333336,39.02439024390244,65.38461538461539,57.142857142857146,61.11111111111111,58.490566037735846,59.25925925925926,56.90376569037657,11.904761904761912,26.923076923076934,9.523809523809518,33.33333333333334,15.094339622641513,11.111111111111114,17.08333333333333,70.73170731707317,69.23076923076923,95.23809523809524,100.0,84.90566037735849,83.33333333333334,80.75313807531381,0.8833333333333333,0.8653333333333333,80.84404895010864,0.010178117048346036,0.7529880478087649,,0.40842105263157896,0.7263157894736842,0.5114093959731544,0.5487154126928059,0.5201111111111111,0.573,0.49466666666666664,0.49266666666666664,0.7343941248470012,0.847001223990208,0.6220327226366277,4.425,34000000000.0,6.12e+23,Yi 34B,base
gemma-2b,17.69293344145148,9.516,168.468,98.0150451635676,101.54463012327038,102.2455021360215,104.88303393296927,106.29563894594487,103.68113657964312,108.48302842511877,108.48302842511877,91.32527264328596,93.46144566883105,91.50036047397829,106.83042036172615,89.95422535163944,96.01310980493913,123.8155529673172,107.71980238657068,74.77478599061205,93.31948206624784,108.9589906176224,103.50512681723345,91.48644587203339,97.82901311508215,750.0,30.0,0.2644628099173554,0.4358974358974359,0.5308641975308642,0.4864864864864865,0.2644628099173554,0.47297297297297297,0.4091911187870784,0.4782379640136165,0.13863216266173753,0.353125,0.34280448471816927,0.08749914518224715,0.603261984544895,0.3453805648635711,0.43951371421727153,0.596827587401197,0.2541634843268895,0.27264272833118086,0.6348583779296342,0.2559731297400868,0.278477080164211,0.8606868107269519,0.8019937573257349,0.7673887779347293,0.904689959702059,0.9462006818748946,0.7931743063725234,-3.3312306617368312,0.42096204037047275,0.16851501217203138,0.20514761544284632,0.6251417895509441,0.582183958534657,0.6328018223234624,0.311982044198895,0.5383122807017544,0.0181,0.0319,0.0022,-0.0156,0.0149,0.0103,0.0185,0.0319,-4.319582646650454,0.4981910575261394,0.39847172694854816,0.3951383238405207,0.6838235294117647,0.5149185429251327,0.3716794459559733,0.6462093862815884,0.5527522935779816,0.4225352112676056,0.23951342281879195,0.4518229166666667,0.47335907335907335,0.5353170189098999,0.5443786982248521,0.5031198003327787,0.27477386934673365,0.6316708713370852,0.22887864823348694,0.3376403304384664,0.2953652788688138,0.0582,1.0,0.6636962853968349,0.7704026115342764,0.35619047619047617,0.2521572387344199,0.5136425648021828,1.0616025561414677,0.4862733353299391,0.42021276595744683,0.5486111111111112,0.8964798332130544,0.7921052631578948,0.9093851132686085,0.9653932584269663,0.39581479905620237,0.5736938170203058,0.3638728323699422,0.23043676069153776,0.22861468584405753,0.11313131313131314,0.0,0.0062772651006711404,0.18119787717968158,0.5302728540131448,0.46331058020477817,0.41019797749608317,0.21909424724602203,0.6606156274664562,0.6121812116646939,0.6951070336391437,0.375,0.83,0.570957095709571,0.6462093862815884,0.49843260188087773,0.4519230769230769,0.8757142857142864,47.61904761904761,86.53846153846153,90.47619047619048,88.88888888888889,81.13207547169812,88.88888888888889,79.58333333333333,48.78048780487805,88.46153846153847,95.23809523809524,94.44444444444444,86.79245283018868,81.48148148148148,80.75313807531381,35.71428571428571,55.769230769230774,76.19047619047619,61.11111111111111,58.490566037735846,44.44444444444444,52.5,75.60975609756098,98.07692307692308,100.0,100.0,94.33962264150944,94.44444444444444,92.88702928870293,1.0,0.996,96.24444211424333,0.023383768913342484,0.6653386454183268,89.06973878255889,0.3663157894736842,0.6210526315789474,0.48053691275167787,0.4893017779347698,0.4638888888888889,0.43066666666666664,0.4663333333333333,0.49466666666666664,0.2484700122399021,0.9608323133414932,0.23873801665645425,2.71875,2000000000.0,2.4e+22,Gemma 2B,base
gemma-7b,17.547137975013133,9.526666666666667,166.49733333333333,96.46011840162238,101.0648233069378,102.81858098290348,102.99611272611435,103.95723119086409,102.92699316661964,106.15840748024567,106.15840748024567,92.6153173921866,91.81896889354698,92.07698088892622,102.68504222299475,90.27927418643979,93.55858898496915,127.196553258929,104.91195403310364,80.48275958819342,95.9199875872686,104.86128931026029,103.14316843523463,90.71791666306713,97.87659040180728,750.0,30.0,0.3140495867768595,0.6410256410256411,0.6419753086419753,0.5135135135135135,0.3140495867768595,0.5,0.4874356061224748,0.46154157886205216,0.19038817005545286,0.373125,0.5890032253110121,0.08035286876837858,0.7087806879573275,0.39456677836285303,0.5403940591687627,0.6393344215742522,0.3793654704654118,0.5188406551854048,0.6764326986354297,0.3801679330315164,0.5282732183563255,0.8309764454300735,0.9266226600880931,0.8515755422397098,0.9214729584992685,0.9286761050250807,0.8792362046589144,-3.627114303352297,0.46725595725255564,0.2190965647822559,0.24753974261922787,0.6257423100020018,0.5846437670209962,0.7266514806378133,0.39986187845303867,0.603719769282674,0.0167,0.0772,0.058,-0.0092,-0.0589,0.0366,0.017,0.0772,0.6566523550342608,0.5600101151754118,0.3869587366276108,0.38069568755085437,0.7132352941176471,0.5072304594545122,0.5667820925055652,0.6642599277978339,0.5848623853211009,0.676056338028169,0.3015939597315436,0.6657652243589743,0.6043758043758044,0.582313681868743,0.6283284023668639,0.5944259567387687,0.8633165829145729,0.6774694352804191,0.27956989247311825,0.5628044905740309,0.5035349567949725,0.0,0.9577874818049491,0.5911308969700609,0.7932535364526659,0.6371428571428571,0.3264621284755513,0.6009549795361528,4.107059761962524,0.14818142491098463,0.42659574468085104,0.6,0.6507898324111939,0.4552631578947368,0.7346278317152103,0.7688389513108614,0.47870653309093725,0.6706593657312343,0.38208092485549133,0.40377616014558687,0.44965934897804694,0.16363636363636364,0.0,0.004695889261744968,0.5367702805155421,0.6190997809201354,0.5725255972696246,0.626477709727959,0.31456548347613217,0.7774269928966061,0.6268158829226299,0.8296636085626912,0.4107142857142857,0.88,0.504950495049505,0.6642599277978339,0.5,0.4807692307692308,0.9096309523809523,33.33333333333334,59.61538461538461,71.42857142857143,94.44444444444444,56.60377358490566,79.62962962962963,62.5,36.58536585365854,51.92307692307692,52.38095238095239,61.11111111111111,50.943396226415096,64.81481481481481,52.71966527196653,11.904761904761912,40.38461538461539,33.33333333333334,44.44444444444444,16.98113207547169,33.33333333333334,28.33333333333333,60.97560975609756,67.3076923076923,90.47619047619048,100.0,67.9245283018868,88.88888888888889,75.73221757322176,1.0,0.9893333333333333,94.689743740007,0.03074866310160429,0.6599999999999999,83.48423502328609,0.3663157894736842,0.8357894736842105,0.48590604026845635,0.5626704344754503,0.3828888888888889,0.5316666666666666,0.21966666666666668,0.3973333333333333,0.5018359853121175,0.9228886168910648,0.46313871839086485,5.296875,7000000000.0,2.52e+23,Gemma 7B,base
Llama-2-70b-hf,17.00919368640516,9.29812834224599,166.45855614973263,93.97435353847229,101.22739141846417,100.89399864624774,102.22472276607061,104.33807012802691,102.0886138961147,105.48664522357326,105.48664522357326,95.18130748337485,98.91359117380213,97.88483669308118,106.0878340602716,96.87255962248065,92.1397944893423,106.07341928470507,104.00084681639294,77.48339496293133,94.84584049463847,103.31704716486905,99.20470079814089,100.77003020807109,99.08488836509258,748.0,30.0,0.4444444444444444,0.41025641025641024,0.654320987654321,0.5067567567567568,0.47107438016528924,0.6283783783783784,0.5192052262759334,0.4605689739017669,0.1756007393715342,0.4515625,0.6642604822607895,0.09266224440949189,0.8275319701839567,0.4600971072967243,0.43217750628817825,0.6913719804599272,0.4352420323939602,0.5624817233506932,0.70418198823334,0.4363060764645328,0.5682850944947919,0.8753347455650329,0.9098777463024618,0.8629017174729016,0.9010690065614745,0.9133407197837002,0.868123506820681,-3.8543594794822154,0.5062862386526986,0.26291587773870706,0.2639414584910421,0.625408687529192,0.5971185100588597,0.5485193621867882,0.7398135359116023,0.6624859454479395,0.0247,0.0421,0.0395,0.0016,-0.0875,-0.0045,-0.005,0.0421,39.22764531127733,0.595834272396619,0.458380030565461,0.4562652563059398,0.6838235294117647,0.5032033681127586,0.45374721741281226,0.6823104693140795,0.8669724770642202,0.6619718309859155,0.25796979865771813,0.6600060096153846,0.6419562419562419,0.5475528364849833,0.606508875739645,0.6289517470881864,0.8144723618090453,0.7958470793712401,0.30414746543778803,0.38487608557509,0.5624509033778476,0.1392,0.9956331877729258,0.5075298039097925,0.8220892274211099,0.6019047619047619,0.3461169702780441,0.5566166439290586,1.1366168083150323,0.10562044524308678,0.4425531914893617,0.6375,0.6459469283896765,0.4042943178842629,0.7189542483660132,0.785774198959906,0.40335744401036633,0.6315309148984714,0.2832369942196532,0.33371246587807096,0.23391370174110523,0.17777777777777778,0.0,0.004752516778523496,0.5344958301743745,0.6776538538139812,0.636518771331058,0.6870103973792907,0.3072215422276622,0.8342541436464088,0.677822016571613,0.8376146788990826,0.44642857142857145,0.94,0.5703382838283828,0.6859205776173285,0.6394984326018809,0.75,0.9424428571428576,42.85714285714286,46.15384615384615,61.904761904761905,72.22222222222223,45.28301886792453,75.92592592592592,55.416666666666664,48.78048780487805,53.84615384615385,57.142857142857146,66.66666666666667,64.15094339622641,68.51851851851852,59.8326359832636,21.42857142857143,19.230769230769226,9.523809523809518,16.666666666666657,15.094339622641513,22.222222222222214,18.33333333333333,78.04878048780488,75.0,90.47619047619048,100.0,86.79245283018868,87.03703703703704,84.10041841004184,1.0,0.9893333333333333,85.39433931069854,0.017587939698492483,0.652,85.11897691480837,0.3873684210526316,0.8147368421052632,0.43355704697986575,0.5452207700459202,0.5717777777777778,0.679,0.5066666666666667,0.5296666666666666,0.46266829865361075,0.9375764993880049,0.4337869238294564,3.328125,70000000000.0,8.1e+23,Llama 2 70B,base
deepseek-llm-7b-base,17.474930144425393,9.417333333333334,167.61733333333333,95.57738353699104,102.22430949637811,102.61464507410716,103.63655690635588,105.5338276799133,103.52996884305337,107.83173869729647,107.83173869729647,91.1739049938492,92.87790452131955,91.53047162908102,103.96202207684253,89.72774087556463,91.86122183633611,124.86867216189526,105.90813748446247,77.36952104698447,99.28753422140825,106.5156443104327,99.48872344565287,90.77115155097258,98.52620733270224,750.0,30.0,0.37037037037037035,0.41025641025641024,0.654320987654321,0.49324324324324326,0.4380165289256198,0.5945945945945946,0.4934670225074265,0.48942292105689744,0.14602587800369685,0.365625,0.422669328828137,0.07997674895712234,0.6875812076865212,0.3837789783218218,0.4344232842256558,0.6347014344306279,0.2717009037393676,0.3370877709105192,0.6594833084149903,0.2716427382951939,0.3460044608999844,0.8678840559717772,0.9035858859182597,0.8114554393919811,0.8995702879852748,0.900168927172529,0.8670858883543214,-3.6761464793979233,0.4613177329237928,0.17040843927508792,0.15341912692404744,0.6250750650563822,0.5709391197399631,0.5034168564920274,0.7446477900552486,0.5353235609363645,0.0091,0.0314,0.0213,0.0096,-0.0082,-0.0031,0.0074,0.0314,0.4988287472730633,0.5686076391203554,0.4370860927152318,0.4597233523189585,0.6568627450980392,0.4958813838550247,0.3854810784071234,0.6895306859205776,0.875,0.5492957746478874,0.2671979865771812,0.5842848557692307,0.6157014157014157,0.5583982202447163,0.5639792899408284,0.5840266222961731,0.589748743718593,0.7226858140888802,0.250384024577573,0.6086634187672103,0.34328358208955223,0.046,0.2663755458515284,0.6440497282363893,0.7905331882480957,0.5133333333333333,0.2981783317353787,0.36,1.1154102456548882,0.2542011913081096,0.42127659574468085,0.6013888888888889,0.7997091966557616,0.6891856506938989,0.8725490196078431,0.8555611474584802,0.2778,0.5071,0.105,0.27,0.2619,0.1152,0.0,0.00566380033557047,0.155420773313116,0.5866361282613025,0.5025597269624573,0.48276598775103263,0.2350061199510404,0.7387529597474349,0.6276767459378026,0.7220183486238532,0.5892857142857143,0.84,0.5721947194719472,0.6895306859205776,0.5062695924764891,0.6442307692307693,0.9107009523809529,52.38095238095239,48.07692307692307,61.904761904761905,77.77777777777777,47.16981132075472,62.96296296296296,55.416666666666664,48.78048780487805,59.61538461538461,66.66666666666667,66.66666666666667,62.264150943396224,74.07407407407408,62.761506276150634,19.04761904761905,36.53846153846154,47.61904761904761,44.44444444444444,11.320754716981128,35.18518518518519,29.166666666666657,60.97560975609756,80.76923076923077,76.19047619047619,83.33333333333334,75.47169811320755,87.03703703703704,77.40585774058577,1.0,0.9946666666666667,91.31210907749912,0.02614379084967322,0.62,89.98235831342433,0.3368421052631579,0.8210526315789474,0.4429530201342282,0.5336159189921111,0.44822222222222224,0.5476666666666666,0.31166666666666665,0.48533333333333334,0.34394124847001223,0.9828641370869033,0.3380475183860708,3.225,7000000000.0,8.4e+22,Deepseek LLM 7B Base,base
Llama-2-7b-hf,17.17973023769532,9.474666666666666,165.788,95.199307270617,100.83979109636898,102.68803236369357,102.32058668335598,105.95506922748056,103.13370411598277,107.38790542956046,107.38790542956046,92.89370114228355,95.09276804397234,96.02963710466848,112.97947195626791,91.61843436681264,94.70196459518276,134.62033321454712,107.1447854804547,82.29753954092607,96.83531343143835,106.85082189989522,96.66574163991905,87.66863352028443,98.35937006399578,750.0,30.0,0.34710743801652894,0.3974358974358974,0.48148148148148145,0.5067567567567568,0.34710743801652894,0.4864864864864865,0.4277292496989467,0.49655535743232293,0.1866913123844732,0.37125,0.39947780678851175,0.10052656773575874,0.6902482390754291,0.3953874034055939,0.43175829440651575,0.6178436746580056,0.25998362088908233,0.3097357010579235,0.6501766492291015,0.26031511348934844,0.33095005307238223,0.8444308500422655,0.7388914253796681,0.7708101321979974,0.9051565989442336,0.734625778408406,0.8329184455880294,-3.6534719040654,0.40389320353956015,0.18609683527184204,0.1806712086802927,0.6258090344965637,0.5624176403408592,0.5831435079726651,0.2852209944751381,0.5132588783348906,0.0416,0.0732,0.0516,0.0259,-0.0342,-0.0104,-0.0158,0.0732,1.2764153915550662,0.49982994169811557,0.4228222109016811,0.43734743694060213,0.6911764705882353,0.4993593263774483,0.3736581746228049,0.628158844765343,0.4954128440366973,0.4507042253521127,0.2625838926174497,0.4426582532051282,0.5871299871299871,0.503337041156841,0.4992603550295858,0.4966722129783694,0.20301507537688443,0.7409276149815641,0.2565284178187404,0.422368142342724,0.3157894736842105,0.0334,0.8296943231441049,0.5413576168883817,0.780739934711643,0.4157142857142857,0.2914669223394056,0.5006821282401092,0.9300694487425085,0.2234867392100096,0.42872340425531913,0.6027777777777777,0.8320610687022901,0.6944226237234878,0.8758169934640523,0.9112565005871498,0.3029822457741848,0.5272644307551905,0.1823699421965318,0.20905368516833486,0.2142316426949281,0.11717171717171718,0.0,0.004960151006711406,0.13570887035633056,0.5891256721768572,0.49829351535836175,0.45954992166358066,0.2521419828641371,0.7419100236779794,0.6398364360271172,0.7773700305810397,0.42857142857142855,0.87,0.5697194719471947,0.631768953068592,0.49843260188087773,0.36538461538461536,0.9159595238095238,42.85714285714286,71.15384615384616,33.33333333333334,55.55555555555556,62.264150943396224,59.25925925925926,57.083333333333336,75.60975609756098,78.84615384615384,85.71428571428572,83.33333333333334,83.01886792452831,81.48148148148148,80.75313807531381,52.38095238095239,53.84615384615385,42.85714285714286,50.0,45.28301886792453,42.592592592592595,47.916666666666664,70.73170731707317,84.61538461538461,85.71428571428572,100.0,92.45283018867924,92.5925925925926,87.02928870292887,1.0,0.996,95.59108394747858,0.03395585738539897,0.6947791164658634,89.04065544722323,0.48210526315789476,0.7263157894736842,0.5838926174496645,0.5974378900270811,0.4673333333333333,0.494,0.4146666666666667,0.49333333333333335,0.3733170134638923,0.9326805385556916,0.3481855131695054,2.20625,7000000000.0,8.4e+22,Llama 2 7B,base
falcon-180B,16.58778093075286,9.088,166.424,89.21785675978514,97.40916057386036,100.18231335657272,102.75221238854957,99.85231552873711,100.31820736370851,101.47190309031777,101.47190309031777,100.66761414893703,100.11520944747687,100.44958291102343,98.7820823094049,101.96966952498582,99.25036512969216,81.60159251809267,100.79698874552577,92.30519652981981,95.74734865770637,99.33105180207943,94.66676698357995,96.6309161955842,100.4175602461518,750.0,30.0,0.47530864197530864,0.5897435897435898,0.7901234567901234,0.5,0.4793388429752066,0.6283783783783784,0.5771488183104345,0.43556492138109904,0.1645101663585952,0.4290625,0.6201812317616342,0.08390891062025577,0.8133761881966765,0.4486425494084661,0.39977841657683555,0.7168095001634809,0.46807639126929546,0.5761837410330157,0.7266317439962077,0.468109867781196,0.5813336889462318,0.8880468071817577,0.9584598122119444,0.8423221277555842,0.9005087211064127,0.9584795393136982,0.8455471390766672,-3.8153697078115685,0.5188493324704619,0.23748985664051933,0.23467070401211204,0.6272769733769267,0.5353597469911271,0.6906605922551253,0.7876381215469613,0.5968518763625038,0.071,0.0906,0.0667,0.0248,-0.0301,-0.003,-0.0353,0.0906,0.0,0.5948644239595265,0.5156393275598573,0.5327502034174125,0.6715686274509803,0.5161998901702362,0.43673015087806083,0.6462093862815884,0.7637614678899083,0.676056338028169,0.29194630872483224,0.6668669871794872,0.7621621621621621,0.6387652947719689,0.8147189349112426,0.5519966722129783,0.6434170854271357,0.7985639433339802,0.31797235023041476,0.41686083456894724,0.5836606441476826,0.154,1.0,0.5922644965616648,0.8367791077257889,0.67,0.33557046979865773,0.7271487039563438,1.0698496459260114,0.18358790056903262,0.43829787234042555,0.7055555555555556,0.5881497637222828,0.33830845771144274,0.6666666666666666,0.73209193088408,0.42718446601941745,0.6431667807437828,0.29354527938342967,0.3691992720655141,0.42089326267978805,0.18181818181818182,0.006082214765100671,0.044290058724832146,0.5564821834723275,0.7060346544513045,0.6518771331058021,0.7022503916820966,0.30599755201958384,0.8650355169692187,0.6730872699881632,0.8694189602446483,0.625,0.95,0.5641501650165016,0.6389891696750902,0.5188087774294671,0.375,0.9426342857142858,21.42857142857143,50.0,33.33333333333334,50.0,39.62264150943396,44.44444444444444,40.0,34.14634146341463,48.07692307692307,52.38095238095239,38.888888888888886,52.83018867924528,46.29629629629629,46.02510460251046,19.04761904761905,30.769230769230774,33.33333333333334,38.888888888888886,16.98113207547169,24.074074074074076,25.0,43.90243902439024,65.38461538461539,76.19047619047619,88.88888888888889,52.83018867924528,57.407407407407405,59.8326359832636,1.0,0.9946666666666667,86.64689209365594,0.012096774193548376,0.6215139442231076,85.96396134229381,0.3663157894736842,0.76,0.4993288590604027,0.5418815495113622,0.5024444444444445,0.643,0.26366666666666666,0.6006666666666667,0.47980416156670747,0.9534883720930233,0.45748768893569786,4.4875,180000000000.0,3.76e+24,Falcon 180B,base
Qwen1.5-4B,17.00917158908117,9.352,166.11066666666667,92.24369804676209,97.95673862984846,100.81910459726048,102.00225862766749,102.55752043052445,100.97051275865209,104.49460697332347,104.49460697332347,96.78129647097124,95.11703418645254,96.04339973492354,106.81194174223265,94.87774071544283,96.75021865158291,86.31329662324659,103.67917052879642,76.21336370764627,95.20253420577724,99.92687901425116,101.01672850364673,94.15487159857418,98.70391280607379,750.0,30.0,0.46296296296296297,0.5384615384615384,0.5555555555555556,0.6756756756756757,0.4462809917355372,0.581081081081081,0.5433363009120585,0.40800778083968225,0.1866913123844732,0.4034375,0.17478113960989095,0.09351706216234698,0.7286124598235656,0.4110647609929563,0.3912444604144209,0.5925842814885081,0.2982808654886391,0.4429597683184904,0.6332328309414923,0.3147429596721224,0.45064779518664455,0.8625167328272538,0.8386310627880054,0.8649712455852069,0.901904988384145,0.9220957862951367,0.8823289506741949,-7.014269680371225,0.4599921621950307,0.22694076278063294,0.22508200857935906,0.5785680923467005,0.5839409645963278,0.4574031890660592,0.6880179558011049,0.6380088238347348,-0.0013,0.0404,0.0353,0.1346,0.1693,0.0442,0.0029,0.1693,-8.799104508817562,0.670732621456339,0.518288334182374,0.511493083807974,0.7720588235294118,0.6608090792604796,0.7843927776403661,0.7256317689530686,0.9002293577981652,0.49295774647887325,0.28313758389261745,0.6248497596153846,0.5027027027027027,0.5383759733036707,0.5824704142011834,0.552828618968386,0.8753768844221106,0.6660197942945857,0.26574500768049153,0.7005930946833298,0.40926944226237233,0.1134,1.0,0.6830350439926729,0.7693144722524483,0.7019047619047619,0.31831255992329816,0.5177353342428377,2.0398658032276664,0.1444211507104589,0.4053191489361702,0.6055555555555555,0.687749909123955,0.5121759622937941,0.7549019607843137,0.7864452273108539,0.453100220477314,0.6204654346338124,0.4033718689788054,0.3275705186533212,0.38152914458743376,0.14545454545454545,0.0,0.0035318791946308717,0.5329795299469295,0.5257916749651463,0.44283276450511944,0.5521293263067939,0.3157894736842105,0.6874506708760852,0.5583772732163994,0.7764525993883792,0.7678571428571429,0.85,0.37933168316831684,0.7256317689530686,0.64576802507837,0.6730769230769231,0.8782985714285715,50.0,73.07692307692308,80.95238095238095,94.44444444444444,84.90566037735849,83.33333333333334,76.25,46.34146341463414,67.3076923076923,76.19047619047619,44.44444444444444,67.9245283018868,81.48148148148148,66.10878661087867,14.285714285714292,23.076923076923066,42.85714285714286,33.33333333333334,15.094339622641513,29.629629629629633,23.75,53.65853658536585,84.61538461538461,90.47619047619048,77.77777777777777,56.60377358490566,75.92592592592592,71.12970711297072,0.9257352941176471,0.9826666666666667,74.9174885753182,0.02316602316602312,0.54,86.89624025699047,0.19157894736842104,0.6126315789473684,0.24161073825503357,0.34860708819027436,0.5212222222222223,0.609,0.5303333333333333,0.42433333333333334,0.43084455324357407,0.9755201958384333,0.42029756295609366,5.55,4000000000.0,5.76e+22,Qwen 1.5 4B,base
Qwen1.5-110B,17.64094207343813,9.874801901743265,158.94928684627575,95.46386862850832,97.59644058127364,99.9594140148513,99.89889982792356,97.17721429968002,98.57182989364765,98.45702466887003,98.45702466887003,100.76413419692247,96.94528523465756,101.89381948802793,97.88302965912625,106.95670243462375,98.6082332013945,101.12824700605633,95.01234685019656,94.5235768278984,99.48218267913974,98.29850398818697,99.48965448681129,103.05014463817463,99.4336072177593,631.0,30.0,0.5308641975308642,0.8205128205128205,0.7901234567901234,0.668918918918919,0.5702479338842975,0.6959459459459459,0.6794355455971618,0.3887988328740477,0.27726432532347506,0.4971875,0.5438488711411458,0.14477193462353827,0.8904123640839773,0.5175921493537577,0.3221343873517787,0.7035620758638946,0.5931347581051771,0.7051688068068451,0.7209795469993423,0.5980196282788905,0.7096337607804379,0.8510424562803263,0.8780932365824125,0.8403910252697113,0.9069849225993524,0.9583603805731626,0.8477817877990896,-3.9540926979351556,0.5359257253503703,0.238842304571274,0.25813777441332325,0.6633749249349437,0.6188175349204955,0.6273348519362186,0.8090469613259669,0.7016534374026783,0.0708,0.0672,0.1483,0.0648,0.0804,0.0191,-0.1008,0.1483,66.62151548803116,0.7362518070702639,0.6028527763627102,0.5925549227013832,0.7450980392156863,0.653670144609189,0.8249319812020777,0.7075812274368231,0.9323394495412844,0.8309859154929577,0.3640939597315436,0.7431891025641025,0.6568854568854569,0.624860956618465,0.7448224852071006,0.6913477537437605,0.9453266331658291,0.7845915000970308,0.43317972350230416,0.46515568735437407,0.7046347211311862,0.484,1.0,0.6088255607939701,0.8313384113166485,0.8380952380952381,0.4098753595397891,0.5300136425648022,1.3375561118008668,0.11327410069548438,0.5638297872340425,0.6597222222222222,0.48600508905852413,0.2429955485729248,0.45751633986928103,0.6475423586646536,0.6311,0.79,0.6114,0.5082,0.5095,0.1394,0.0,0.0035559983221476483,0.849128127369219,0.6823341963752241,0.6629692832764505,0.7831505483549352,0.3329253365973072,0.8595106550907656,0.49747121489293017,0.8889908256880734,0.8035714285714286,0.9,0.18832508250825084,0.7111913357400722,0.5987460815047022,0.8557692307692307,0.9366576190476191,45.238095238095234,48.07692307692307,71.42857142857143,61.11111111111111,62.264150943396224,42.592592592592595,52.5,39.02439024390244,40.38461538461539,47.61904761904761,38.888888888888886,56.60377358490566,38.888888888888886,43.93305439330544,7.142857142857139,15.384615384615387,23.80952380952381,22.222222222222214,3.773584905660371,11.111111111111114,11.666666666666671,9.756097560975604,26.923076923076934,42.85714285714286,27.777777777777786,16.98113207547169,62.96296296296296,31.380753138075306,0.697306505223172,0.9546666666666667,71.77202369270063,0.1001353179972937,0.625,74.37431338834031,0.4231578947368421,0.8778947368421053,0.4214765100671141,0.5741763805486871,0.5656666666666667,0.527,0.508,0.662,0.9865361077111383,0.01346389228886169,0.01328261589329562,7.31875,110000000000.0,1.58e+24,Qwen 1.5 110B,base
Mixtral-8x7B-v0.1,18.078551447333044,9.518666666666666,168.00933333333333,99.8511880575747,101.01714256680174,102.2737255708043,106.13176691269996,105.87980394766994,103.4845442979288,108.08238473036216,108.08238473036216,86.93862543346111,89.913552283842,87.81390094607409,98.34706156305032,87.50018445031749,95.39445929954194,137.71647688883675,102.39247705516252,76.56291637932307,98.85716290947671,107.69213890807666,101.58375343331268,91.03136683888962,96.43479002854404,750.0,30.0,0.48148148148148145,0.6025641025641025,0.8271604938271605,0.47297297297297297,0.49586776859504134,0.5743243243243243,0.5757285239608472,0.4017263738045064,0.1756007393715342,0.4521875,0.6972815235754877,0.08260958763591603,0.7966217602407166,0.43961567393831635,0.3889387950652773,0.6909466021447253,0.5107374332012016,0.5861546986954362,0.7083666617458679,0.5107268622191381,0.5897599078665261,0.891341926535269,0.7856734706196402,0.8555346877297247,0.9068957275553682,0.7862535284950217,0.8585761391355132,-3.856071864556328,0.4869747803795943,0.2036786583716527,0.22331566994700985,0.615333288850337,0.5694456645875429,0.6583143507972665,0.6517610497237569,0.541286175127167,0.0228,0.0481,0.0758,0.0303,-0.0036,0.0032,-0.0132,0.0758,15.3519627383267,0.640324634697613,0.5402954661232807,0.548006509357201,0.7107843137254902,0.5240710232473,0.6662626762305219,0.703971119133574,0.8658256880733946,0.5633802816901409,0.32550335570469796,0.6323116987179487,0.594079794079794,0.6176307007786429,0.7522189349112426,0.5634359400998337,0.6741708542713568,0.780128080729672,0.3087557603686636,0.6150180046600296,0.622152395915161,0.273,0.9970887918486172,0.6678778415062611,0.8258977149075082,0.7366666666666667,0.3710450623202301,0.5470668485675307,1.1320079345661567,0.12858141160027947,0.4329787234042553,0.6527777777777778,0.5423482370047256,0.34459282534694946,0.630718954248366,0.6508975004193926,0.4402197037094341,0.6825233858088068,0.27350674373795764,0.4153776160145587,0.40045420136260407,0.20606060606060606,0.0,0.0053502516778523536,0.5815011372251706,0.670583549093806,0.6348122866894198,0.7041019797749608,0.3390452876376989,0.824782951854775,0.6839556655547187,0.8529051987767584,0.7678571428571429,0.92,0.5719884488448845,0.7148014440433214,0.6394984326018809,0.5096153846153846,0.9334709523809528,16.666666666666657,42.307692307692314,33.33333333333334,61.11111111111111,33.9622641509434,53.7037037037037,39.16666666666667,21.951219512195124,28.84615384615384,47.61904761904761,55.55555555555556,33.9622641509434,53.7037037037037,38.07531380753139,4.761904761904773,11.538461538461547,23.80952380952381,44.44444444444444,20.754716981132077,22.222222222222214,18.33333333333333,68.29268292682927,67.3076923076923,100.0,94.44444444444444,86.79245283018868,81.48148148148148,79.9163179916318,0.95,0.9813333333333333,72.10991014311176,0.03069053708439895,0.6772908366533865,79.94745077252868,0.2905263157894737,0.5242105263157895,0.2550335570469799,0.3565901330507477,0.6656666666666666,0.6726666666666666,0.678,0.6463333333333333,0.5752753977968176,0.9571603427172583,0.550630796912009,5.753125,56000000000.0,,Mixtral 8x7B v0.1,base
Qwen1.5-7B,17.22490459866205,9.256868131868131,163.79807692307693,95.87558376579148,100.55481484834388,102.083757827133,102.67342550591785,102.7360551332984,102.01344487311128,103.6004514553639,103.6004514553639,96.7559442223948,96.32368286298544,100.12801094387287,103.02260644804447,94.39160880287203,96.40594889863057,142.76841320028802,107.81896668826664,79.93878879379365,99.86331947309657,103.53754370132657,103.17630841081433,98.81220039640588,100.18393653733816,728.0,30.0,0.48148148148148145,0.717948717948718,0.7530864197530864,0.5135135135135135,0.5867768595041323,0.5405405405405406,0.598891255456912,0.4264062246717458,0.20702402957486138,0.4703125,0.18107817539548457,0.08691786911030568,0.8006565000341928,0.4437871845722492,0.32557791352257753,0.6177016584918491,0.35721418734529076,0.4992977719234405,0.6533114599390573,0.3679423172556512,0.5029432053775902,0.8622879954275826,0.8723140533953051,0.8720319152008624,0.9088802250605126,0.9170343468781481,0.8776689095198315,-4.687822857141922,0.5096553596902246,0.42304571274005953,0.37673479687105726,0.4429171949022486,0.5650531494333656,0.5535307517084282,0.6966505524861878,0.6606550711097269,0.0097,-0.0033,0.035,0.0359,0.089,0.0126,-0.0135,0.089,27.662673090860473,0.6953411546997165,0.5820682628629649,0.5782139951179821,0.7892156862745098,0.5958264689730917,0.825327726935444,0.7509025270758123,0.9059633027522935,0.5352112676056338,0.30411073825503354,0.6807892628205128,0.6581724581724582,0.6192992213570634,0.6364644970414202,0.5478369384359401,0.8954773869346734,0.7077430622938095,0.3087557603686636,0.5431052743062911,0.49096622152395913,0.115,0.9723435225618632,0.6806327137323204,0.7845484221980413,0.7885714285714286,0.33125599232981784,0.5620736698499318,1.5836518551334111,0.14651758676915905,0.5723404255319149,0.5930555555555556,0.6364958197019265,0.43466876145587846,0.7189542483660132,0.7488676396577755,0.5832205159942754,0.6559434177503992,0.6657996146435453,0.38762511373976344,0.4375473126419379,0.13636363636363635,0.0,0.009602558724832212,0.5398028809704322,0.5839474208325035,0.5093856655290102,0.6050420168067226,0.3463892288861689,0.7213891081294396,0.4757344237598192,0.8247706422018348,0.8035714285714286,0.86,0.18193069306930693,0.7472924187725631,0.6802507836990596,0.6730769230769231,0.8923066666666668,50.0,76.92307692307692,71.42857142857143,94.44444444444444,75.47169811320755,72.22222222222223,71.66666666666667,43.90243902439024,48.07692307692307,71.42857142857143,66.66666666666667,64.15094339622641,66.66666666666667,58.57740585774059,23.80952380952381,15.384615384615387,14.285714285714292,50.0,24.52830188679245,25.925925925925924,23.75,56.09756097560975,86.53846153846153,80.95238095238095,100.0,79.24528301886792,75.92592592592592,77.82426778242677,1.0,1.0,71.88803725036084,0.011235955056179803,0.5800000000000001,81.40950928758735,0.36,0.7347368421052631,0.39865771812080536,0.49779818674202275,0.4796666666666667,0.5373333333333333,0.4703333333333333,0.43133333333333335,0.6009791921664627,0.8151774785801713,0.48990470254940527,6.3875,7000000000.0,1.01e+23,Qwen 1.5 7B,base
Qwen1.5-32B,17.431344902849666,9.390666666666666,165.68,94.7307582465419,97.92828402749973,100.60479304185733,100.23918737026092,100.32388754185918,100.02822112139565,101.94063638548019,101.94063638548019,97.93651838743627,95.18445570686443,95.55105155914207,105.81293399947207,97.24152223181558,97.60899357768054,90.48117230893091,99.6311848365875,84.34926312211618,95.66450795364402,93.87624888230744,96.6310648009773,93.86059360865022,98.15823362863443,750.0,30.0,0.5370370370370371,0.7435897435897436,0.8518518518518519,0.7027027027027027,0.5867768595041323,0.6891891891891891,0.685191230645776,0.3904603663478684,0.2698706099815157,0.5096875,0.44048533251420674,0.12138412090542296,0.8900704369828353,0.5057272789441292,0.28485447358965144,0.6726769042830274,0.5250490387140276,0.6261992840710175,0.7027797590096363,0.5266170275136887,0.6340892391839099,0.8335881520787667,0.9408468993659045,0.8423060803603241,0.9165120361655283,0.9620773803122882,0.8336790427673653,-4.227102559453046,0.511893173004938,0.23424398160670815,0.25687610396164523,0.618202442116501,0.6087147500658877,0.6287015945330297,0.7246201657458563,0.6839329920585487,0.0479,0.0327,0.0893,0.0072,-0.0546,0.0038,-0.0125,0.0893,63.34545995616849,0.7480668210029825,0.5913397860417728,0.576179820992677,0.75,0.7819879187259747,0.8340093989611674,0.7617328519855595,0.8864678899082569,0.8028169014084507,0.3527684563758389,0.6739282852564102,0.5765765765765766,0.5873192436040044,0.6556952662721893,0.610648918469218,0.8836180904522613,0.7459732194837958,0.3317972350230415,0.7260114382546071,0.655145326001571,0.328,0.9985443959243085,0.6840560343533227,0.8161044613710555,0.8385714285714285,0.4012464046021093,0.6282401091405184,1.3624390057004871,0.0819273901034907,0.7595744680851064,0.6013888888888889,0.5401672119229372,0.3058392249279917,0.630718954248366,0.6716993792987754,0.5801260975515414,0.7636322153775953,0.5196531791907515,0.47929936305732485,0.4958364875094625,0.1494949494949495,0.0,0.004033137583892621,0.6338134950720242,0.6550487950607449,0.5989761092150171,0.7356501922803019,0.3929008567931457,0.8018942383583267,0.5026363929839665,0.8740061162079511,0.9107142857142857,0.89,0.20668316831683167,0.7509025270758123,0.6018808777429467,0.7596153846153846,0.9244228571428572,45.238095238095234,48.07692307692307,71.42857142857143,61.11111111111111,69.81132075471697,44.44444444444444,54.583333333333336,51.21951219512195,57.69230769230769,57.142857142857146,72.22222222222223,56.60377358490566,48.14814814814815,55.23012552301255,11.904761904761912,23.076923076923066,23.80952380952381,16.666666666666657,13.20754716981132,14.81481481481481,16.666666666666657,41.463414634146346,30.769230769230774,47.61904761904761,33.33333333333334,45.28301886792453,62.96296296296296,44.76987447698745,0.7657065157065157,0.9813333333333333,74.8929607820184,0.06317204301075274,0.6334661354581673,74.98349244357684,0.4231578947368421,0.8294736842105264,0.4697986577181208,0.5741434122218297,0.7564444444444445,0.7556666666666667,0.762,0.7516666666666667,0.7331701346389229,0.6254589963280294,0.4585678565489469,6.56875,32000000000.0,4.61e+23,Qwen 1.5 32B,base
